USE `votaciones_splc`;

#UserAccount
INSERT INTO user_account (`id`, `username`, `password`, `email`, `role_id`) VALUES (1, 'marlon86', '$P$HiBXvHdbHV9/iPQRxrZY8Llm9L61m/1', 'cleveland46@example.com', 1);
INSERT INTO user_account (`id`, `username`, `password`, `email`, `role_id`) VALUES (2, 'julie70', '$P$HjFCjOirFJajRTEfn690iRbyJJUmTP0', 'bbode@example.org', 1);
INSERT INTO user_account (`id`, `username`, `password`, `email`, `role_id`) VALUES (3, 'rickey.nolan', '$P$HQg5ArJ4SmSa2YsTzyskwgmQw3UwoV0', 'imosciski@example.com', 2);
INSERT INTO user_account (`id`, `username`, `password`, `email`, `role_id`) VALUES (4, 'velva71', '$P$HHifOhvwV6cxIebDdvHPTNhEo55cFi.', 'green.betty@example.org', 2);
INSERT INTO user_account (`id`, `username`, `password`, `email`, `role_id`) VALUES (5, 'malvina89', '$P$HdTW/67uhfPfYSrl59c/BvGUAFuNrQ/', 'gabe.schimmel@example.org', 1);
INSERT INTO user_account (`id`, `username`, `password`, `email`, `role_id`) VALUES (6, 'sboyle', '$P$HsPMkXsFGu6iCALpUxnBJaUycICQin0', 'rosenbaum.stone@example.org', 1);
INSERT INTO user_account (`id`, `username`, `password`, `email`, `role_id`) VALUES (7, 'emiliano73', '$P$H057J0bb1ZyQxya2hQu/sA6j0sD82T/', 'ivy47@example.org', 2);
INSERT INTO user_account (`id`, `username`, `password`, `email`, `role_id`) VALUES (8, 'arjun55', '$P$HKBCztyLQprY2e6zNlbcrcQxbcMMpP0', 'gleason.grace@example.net', 2);
INSERT INTO user_account (`id`, `username`, `password`, `email`, `role_id`) VALUES (9, 'ujerde', '$P$HhlBOzpnngMrHxRQrySsEMaFQx9TzN.', 'alice.schmitt@example.net', 1);
INSERT INTO user_account (`id`, `username`, `password`, `email`, `role_id`) VALUES (10, 'erwin92', '$P$HcoJ9cag0tqPInvKCXTjgPTcnJ32SB.', 'henriette55@example.net', 1);
INSERT INTO user_account (`id`, `username`, `password`, `email`, `role_id`) VALUES (11, 'macey.robel', '$P$HXIgUz81DmtJ.5WBL912Pq0cFjG4fl/', 'klein.marshall@example.net', 2);
INSERT INTO user_account (`id`, `username`, `password`, `email`, `role_id`) VALUES (12, 'bernier.lexie', '$P$H.3.ZMBi4.r265OHsp9C5jOpxCRqgS0', 'smith.travon@example.com', 2);
INSERT INTO user_account (`id`, `username`, `password`, `email`, `role_id`) VALUES (13, 'ybogisich', '$P$HGyxgu24VJ1/Wz9qB9KT72gz5bH2Po/', 'bernard.blick@example.org', 1);
INSERT INTO user_account (`id`, `username`, `password`, `email`, `role_id`) VALUES (14, 'hermiston.shaylee', '$P$HhtjY9Z9mCONJqDdK1MekbtbIuzRpD1', 'elian43@example.com', 1);
INSERT INTO user_account (`id`, `username`, `password`, `email`, `role_id`) VALUES (15, 'walsh.josianne', '$P$HTjSoHPIzQcz3xtmo4bcsSSkrY1T7h.', 'kulas.alf@example.com', 2);
INSERT INTO user_account (`id`, `username`, `password`, `email`, `role_id`) VALUES (16, 'runolfsson.malcolm', '$P$HMG5jcpjyX.M/Eb8GS5YAXfbehJztv.', 'leonardo99@example.com', 2);
INSERT INTO user_account (`id`, `username`, `password`, `email`, `role_id`) VALUES (17, 'ryan.cleta', '$P$HpmB5AI5trF/I3WKWNiBKzv25qtcUe1', 'dwindler@example.net', 1);
INSERT INTO user_account (`id`, `username`, `password`, `email`, `role_id`) VALUES (18, 'kmurray', '$P$HHgWQUoVuu4NLQHNJssAfE929Spv1T0', 'elliott05@example.org', 1);
INSERT INTO user_account (`id`, `username`, `password`, `email`, `role_id`) VALUES (19, 'icie.eichmann', '$P$H3mDoBN.xrVgDD1pKNS8FMNPOVmiuk', 'klein.waino@example.com', 2);
INSERT INTO user_account (`id`, `username`, `password`, `email`, `role_id`) VALUES (20, 'wdavis', '$P$Hmoe/s7vEYuvK0DV7V/Nvzo8ez0L1G0', 'braeden.wunsch@example.com', 2);
INSERT INTO user_account (`id`, `username`, `password`, `email`, `role_id`) VALUES (21, 'murazik.marcelo', 'HcoBbm27cL.UosvuGYP3FPMPJS3Jig/', 'kennedy47@example.net', 1);
INSERT INTO user_account (`id`, `username`, `password`, `email`, `role_id`) VALUES (22, 'hcrona', '$P$HehpqCWt6fIZ8pDfKLdBMmZoqZ8LNJ/', 'rodrigo71@example.net', 2);
INSERT INTO user_account (`id`, `username`, `password`, `email`, `role_id`) VALUES (23, 'abernathy.carmen', '$P$HUGWNZTqDmzhC3pf2PI97EzC1ginKQ0/', 'mckenna.gottlieb@example.com', 2);
INSERT INTO user_account (`id`, `username`, `password`, `email`, `role_id`) VALUES (24, 'awisoky', '$P$uRQHlPKfrgXP.mCobmualpzdeVUHk1', 'neil.kunze@example.net', 2);
INSERT INTO user_account (`id`, `username`, `password`, `email`, `role_id`) VALUES (25, 'susie.hintz', '$P$HfNomNtpw8kQUcxcVwHycOQYQNHGZB1', 'unique.padberg@example.net', 1);
INSERT INTO user_account (`id`, `username`, `password`, `email`, `role_id`) VALUES (26, 'hodkiewicz.graciela', '$P$HBnc9OCZKACF0toOXtC4PrjfFN.wrL0', 'pacocha.matteo@example.net', 2);
INSERT INTO user_account (`id`, `username`, `password`, `email`, `role_id`) VALUES (27, 'henderson26', '$P$HM3IyiPBV/I/xGNosehGnzcYNJZ84l/', 'altenwerth.ruby@example.org', 2);
INSERT INTO user_account (`id`, `username`, `password`, `email`, `role_id`) VALUES (28, 'aurore.kihn', '$P$HUdATxOqgAoxnobzy8TBoepai8tNtf.', 'daugherty.anne@example.org', 2);
INSERT INTO user_account (`id`, `username`, `password`, `email`, `role_id`) VALUES (29, 'mitchell.fay', '$P$HllverVcxG5no1SRP641XfSbumOyV.0', 'mante.shania@example.org', 1);
INSERT INTO user_account (`id`, `username`, `password`, `email`, `role_id`) VALUES (30, 'padberg.kaelyn', '$P$HCuh5Vstp1LWlrMmKclcgsZGeWCK2J0', 'reilly.trycia@example.net', 2);


#User


INSERT INTO user (`id`, `name`, `surname`, `genre`, `edad`, `dni`, `ca_id`, `user_account_id`) VALUES (1, 'Aleen', 'Marvin', 'M', '2014-02-01', '89098097A', 16, 1);
INSERT INTO user (`id`, `name`, `surname`, `genre`, `edad`, `dni`, `ca_id`, `user_account_id`) VALUES (2, 'Sydney', 'Upton', 'M', '2012-06-21', '94938291F', 13, 2);
INSERT INTO user (`id`, `name`, `surname`, `genre`, `edad`, `dni`, `ca_id`, `user_account_id`) VALUES (3, 'Claude', 'Towne', 'I', '2005-11-29', '67998291F', 15, 3);
INSERT INTO user (`id`, `name`, `surname`, `genre`, `edad`, `dni`, `ca_id`, `user_account_id`) VALUES (4, 'Janiya', 'Murphy', 'H', '1975-12-09', '69696291F', 14, 4);
INSERT INTO user (`id`, `name`, `surname`, `genre`, `edad`, `dni`, `ca_id`, `user_account_id`) VALUES (5, 'Alyce', 'Wehner', 'H', '1978-04-26', '12356489K', 6, 5);
INSERT INTO user (`id`, `name`, `surname`, `genre`, `edad`, `dni`, `ca_id`, `user_account_id`) VALUES (6, 'Adalberto', 'McCullough', 'I', '1987-04-06', '95876432J', 9, 6);
INSERT INTO user (`id`, `name`, `surname`, `genre`, `edad`, `dni`, `ca_id`, `user_account_id`) VALUES (7, 'Emory', 'Daniel', 'M', '1989-12-31', '79563156U', 3, 7);
INSERT INTO user (`id`, `name`, `surname`, `genre`, `edad`, `dni`, `ca_id`, `user_account_id`) VALUES (8, 'Travon', 'Hoppe', 'M', '1974-07-08', '48653215Y', 8, 8);
INSERT INTO user (`id`, `name`, `surname`, `genre`, `edad`, `dni`, `ca_id`, `user_account_id`) VALUES (9, 'Judah', 'Schulist', 'I', '2014-06-10', '79531256H', 11, 9);
INSERT INTO user (`id`, `name`, `surname`, `genre`, `edad`, `dni`, `ca_id`, `user_account_id`) VALUES (10, 'Chris', 'Grady', 'H', '2001-11-21', '38102918A', 10, 10);
INSERT INTO user (`id`, `name`, `surname`, `genre`, `edad`, `dni`, `ca_id`, `user_account_id`) VALUES (11, 'Albina', 'Greenfelder', 'I', '2015-06-27', '49282019E', 6, 11);
INSERT INTO user (`id`, `name`, `surname`, `genre`, `edad`, `dni`, `ca_id`, `user_account_id`) VALUES (12, 'Elaina', 'Batz', 'H', '2014-02-27', '59302938W', 16, 12);
INSERT INTO user (`id`, `name`, `surname`, `genre`, `edad`, `dni`, `ca_id`, `user_account_id`) VALUES (13, 'Cloyd', 'Osinski', 'I', '1998-04-26', '94030280R', 4, 13);
INSERT INTO user (`id`, `name`, `surname`, `genre`, `edad`, `dni`, `ca_id`, `user_account_id`) VALUES (14, 'Maximillian', 'Hauck', 'I', '1972-10-07', '93201803F', 4, 14);
INSERT INTO user (`id`, `name`, `surname`, `genre`, `edad`, `dni`, `ca_id`, `user_account_id`) VALUES (15, 'Jena', 'Ward', 'I', '2015-10-27', '94029302V', 5, 15);
INSERT INTO user (`id`, `name`, `surname`, `genre`, `edad`, `dni`, `ca_id`, `user_account_id`) VALUES (16, 'Evert', 'Swaniawski', 'M', '1982-05-13', '19201920D', 19, 16);
INSERT INTO user (`id`, `name`, `surname`, `genre`, `edad`, `dni`, `ca_id`, `user_account_id`) VALUES (17, 'Susanna', 'Ruecker', 'I', '2008-07-06', '49304930O', 8, 17);
INSERT INTO user (`id`, `name`, `surname`, `genre`, `edad`, `dni`, `ca_id`, `user_account_id`) VALUES (18, 'Unique', 'Ritchie', 'M', '1988-03-28', '91029103F', 4, 18);
INSERT INTO user (`id`, `name`, `surname`, `genre`, `edad`, `dni`, `ca_id`, `user_account_id`) VALUES (19, 'Albert', 'Ernser', 'I', '1999-08-28', '29102801S', 16, 19);
INSERT INTO user (`id`, `name`, `surname`, `genre`, `edad`, `dni`, `ca_id`, `user_account_id`) VALUES (20, 'Hipolito', 'Rogahn', 'I', '1981-04-19', '90293904H', 2, 20);
INSERT INTO user (`id`, `name`, `surname`, `genre`, `edad`, `dni`, `ca_id`, `user_account_id`) VALUES (21, 'Kris', 'Sipes', 'M', '1970-02-12', '90282093V', 17, 21);
INSERT INTO user (`id`, `name`, `surname`, `genre`, `edad`, `dni`, `ca_id`, `user_account_id`) VALUES (22, 'Lexus', 'Erdman', 'H', '1997-02-01', '58208305H', 10, 22);
INSERT INTO user (`id`, `name`, `surname`, `genre`, `edad`, `dni`, `ca_id`, `user_account_id`) VALUES (23, 'Christelle', 'Welch', 'H', '1978-12-09', '90403092J', 9, 23);
INSERT INTO user (`id`, `name`, `surname`, `genre`, `edad`, `dni`, `ca_id`, `user_account_id`) VALUES (24, 'Kenny', 'Schulist', 'H', '2017-05-19', '28020935G', 17, 24);
INSERT INTO user (`id`, `name`, `surname`, `genre`, `edad`, `dni`, `ca_id`, `user_account_id`) VALUES (25, 'Lula', 'Johns', 'H', '1985-02-26', '18920938B', 8, 25);
INSERT INTO user (`id`, `name`, `surname`, `genre`, `edad`, `dni`, `ca_id`, `user_account_id`) VALUES (26, 'Baby', 'Moore', 'M', '2004-06-05', '28030918H', 5, 26);
INSERT INTO user (`id`, `name`, `surname`, `genre`, `edad`, `dni`, `ca_id`, `user_account_id`) VALUES (27, 'Nils', 'Mertz', 'M', '2007-03-27', '10928049Y', 8, 27);
INSERT INTO user (`id`, `name`, `surname`, `genre`, `edad`, `dni`, `ca_id`, `user_account_id`) VALUES (28, 'Abigayle', 'Hyatt', 'H', '1981-04-22', '02093804H', 12, 28);
INSERT INTO user (`id`, `name`, `surname`, `genre`, `edad`, `dni`, `ca_id`, `user_account_id`) VALUES (29, 'Matilde', 'Ortiz', 'M', '2003-01-18', '09830290R', 13, 29);
INSERT INTO user (`id`, `name`, `surname`, `genre`, `edad`, `dni`, `ca_id`, `user_account_id`) VALUES (30, 'Libbie', 'Metz', 'I', '1994-09-21', '39029302J', 9, 30);


#Census


INSERT INTO census (`id`, `title`, `postalCode`, `ca_id`) VALUES (1, 'voluptatem', 41414, 7);
INSERT INTO census (`id`, `title`, `postalCode`, `ca_id`) VALUES (2, 'aut', 41414, 19);
INSERT INTO census (`id`, `title`, `postalCode`, `ca_id`) VALUES (3, 'ipsum', 41414, 19);
INSERT INTO census (`id`, `title`, `postalCode`, `ca_id`) VALUES (4, 'non', 41414, 17);
INSERT INTO census (`id`, `title`, `postalCode`, `ca_id`) VALUES (5, 'dignissimos', 41414, 3);
INSERT INTO census (`id`, `title`, `postalCode`, `ca_id`) VALUES (6, 'dolorum', 41414, 15);
INSERT INTO census (`id`, `title`, `postalCode`, `ca_id`) VALUES (7, 'doloremque', 41414, 11);
INSERT INTO census (`id`, `title`, `postalCode`, `ca_id`) VALUES (8, 'qui', 41414, 16);
INSERT INTO census (`id`, `title`, `postalCode`, `ca_id`) VALUES (9, 'nam', 41414, 16);
INSERT INTO census (`id`, `title`, `postalCode`, `ca_id`) VALUES (10, 'ea', 41414, 7);
INSERT INTO census (`id`, `title`, `postalCode`, `ca_id`) VALUES (11, 'repellat', 41414, 10);
INSERT INTO census (`id`, `title`, `postalCode`, `ca_id`) VALUES (12, 'aut', 41414, 11);
INSERT INTO census (`id`, `title`, `postalCode`, `ca_id`) VALUES (13, 'et', 41414, 1);
INSERT INTO census (`id`, `title`, `postalCode`, `ca_id`) VALUES (14, 'incidunt', 41414, 15);
INSERT INTO census (`id`, `title`, `postalCode`, `ca_id`) VALUES (15, 'distinctio', 41414, 6);
INSERT INTO census (`id`, `title`, `postalCode`, `ca_id`) VALUES (16, 'ex', 41414, 17);
INSERT INTO census (`id`, `title`, `postalCode`, `ca_id`) VALUES (17, 'voluptatem', 41414, 4);
INSERT INTO census (`id`, `title`, `postalCode`, `ca_id`) VALUES (18, 'quas', 41414, 17);
INSERT INTO census (`id`, `title`, `postalCode`, `ca_id`) VALUES (19, 'eaque', 41414, 1);
INSERT INTO census (`id`, `title`, `postalCode`, `ca_id`) VALUES (20, 'ipsam', 41414, 6);


#Poll


INSERT INTO poll (`id`, `title`, `description`, `startDate`, `endDate`, `census_id`) VALUES (1, 'ut', 'Dolor rerum eveniet et quisquam incidunt. Minima facilis et nobis earum optio minima qui.', '2018-05-15', '2018-06-15', 15);
INSERT INTO poll (`id`, `title`, `description`, `startDate`, `endDate`, `census_id`) VALUES (2, 'deserunt', 'Deleniti veritatis neque voluptatem quo nobis fuga aut harum. Temporibus velit quibusdam culpa ducimus molestias non explicabo. Laudantium consequatur', '2018-05-15', '2018-06-15', 4);
INSERT INTO poll (`id`, `title`, `description`, `startDate`, `endDate`, `census_id`) VALUES (3, 'cumque', 'Aliquid porro dolorum doloremque commodi dolorem. Dolorem est qui beatae accusamus asperiores maxime. Consequuntur ut occaecati ratione hic repellendu', '2018-05-15', '2018-06-15', 9);
INSERT INTO poll (`id`, `title`, `description`, `startDate`, `endDate`, `census_id`) VALUES (4, 'repellendus', 'Pariatur assumenda sunt consectetur suscipit sit dolores sit. Ducimus rerum qui dolores accusamus laboriosam. Similique dolorem consequatur amet quas.', '2018-05-15', '2018-06-15', 7);
INSERT INTO poll (`id`, `title`, `description`, `startDate`, `endDate`, `census_id`) VALUES (5, 'quas', 'Laborum vero qui culpa perferendis alias esse quia. Sed rem eveniet nesciunt sint rem consequatur. Odit beatae quidem quia alias aperiam. Dolor ipsa i', '2018-05-15', '2018-06-15', 15);
INSERT INTO poll (`id`, `title`, `description`, `startDate`, `endDate`, `census_id`) VALUES (6, 'suscipit', 'Totam incidunt voluptatibus minus molestias repudiandae. Qui sint officiis dolorum officia sunt voluptatum rerum. Culpa nisi iure voluptatum adipisci.', '2018-05-15', '2018-06-15', 18);
INSERT INTO poll (`id`, `title`, `description`, `startDate`, `endDate`, `census_id`) VALUES (7, 'ipsum', 'Ipsum velit dicta vel numquam quam. Unde facere molestias odit praesentium qui. Et beatae libero voluptatum sit architecto numquam. Velit eum consecte', '2018-05-15', '2018-06-15', 15);
INSERT INTO poll (`id`, `title`, `description`, `startDate`, `endDate`, `census_id`) VALUES (8, 'id', 'Autem asperiores aspernatur asperiores non voluptate eligendi. Id aliquam et iste. Voluptas assumenda eum aut voluptas amet sint quos. Voluptatem omni', '2018-05-15', '2018-06-15', 18);
INSERT INTO poll (`id`, `title`, `description`, `startDate`, `endDate`, `census_id`) VALUES (9, 'repellat', 'Delectus eligendi debitis possimus iure qui eum aliquid. Nesciunt nihil vero doloribus vel quo. Aut quam sed consectetur et quo quis.', '2018-05-15', '2018-06-15', 4);
INSERT INTO poll (`id`, `title`, `description`, `startDate`, `endDate`, `census_id`) VALUES (10, 'nihil', 'Velit est ipsa occaecati est voluptatum. Ea amet hic voluptates error. Officiis tenetur laboriosam ut quaerat aut necessitatibus corrupti. Aut odit re', '2018-05-15', '2018-06-15', 14);


#Question


INSERT INTO question (`id`, `title`, `description`, `optional`, `multiple`, `poll_id`) VALUES (1, 'Ut possimus quo quidem alias sed quisquam ab.', 'Nihil officia optio nobis odit numquam. Aut expedita consequatur ipsam assumenda animi ut optio nesciunt. Eum porro iure qui laborum. Consequatur et d', 1, 0, 10);
INSERT INTO question (`id`, `title`, `description`, `optional`, `multiple`, `poll_id`) VALUES (2, 'Ipsam possimus reiciendis doloremque quo explicabo', 'Qui iure quo velit illum. Recusandae voluptas totam eius consequatur nisi. Vitae et eum alias quo et. Et consequatur aut aliquid voluptatem sed sint q', 1, 1, 6);
INSERT INTO question (`id`, `title`, `description`, `optional`, `multiple`, `poll_id`) VALUES (3, 'Soluta quis voluptatem veniam libero.', 'Unde eius sint voluptas consequuntur expedita fuga. Qui ut sunt corrupti dolore amet in. Repellat rem ipsum voluptates laudantium veritatis et assumen', 1, 0, 5);
INSERT INTO question (`id`, `title`, `description`, `optional`, `multiple`, `poll_id`) VALUES (4, 'Et occaecati unde sit ea non placeat.', 'Doloribus dolor ipsa magni. Rerum est occaecati repellendus esse. Esse ea est quidem sit. Ex exercitationem sit ad est et rem id.', 1, 0, 6);
INSERT INTO question (`id`, `title`, `description`, `optional`, `multiple`, `poll_id`) VALUES (5, 'Repellat reiciendis qui quia.', 'Aut est est nemo mollitia et esse. Voluptatum dolor occaecati consequatur ut qui iusto. Quia voluptas neque eius atque. Nobis atque sequi voluptates e', 1, 1, 8);
INSERT INTO question (`id`, `title`, `description`, `optional`, `multiple`, `poll_id`) VALUES (6, 'Fugit odio voluptas earum.', 'Reprehenderit quia laborum odio exercitationem. Repellendus provident nobis tenetur.', 0, 1, 2);
INSERT INTO question (`id`, `title`, `description`, `optional`, `multiple`, `poll_id`) VALUES (7, 'Consequuntur sed magnam culpa a et veritatis.', 'Voluptas corporis error qui eius et eum. Cumque aut neque sapiente sint fugiat. Consequuntur sequi et velit.', 0, 1, 4);
INSERT INTO question (`id`, `title`, `description`, `optional`, `multiple`, `poll_id`) VALUES (8, 'Labore perspiciatis in eum aperiam saepe.', 'Aut veniam quas est praesentium quia. Et odit autem id itaque molestiae cupiditate doloremque qui. Sit sed sed aspernatur sunt et dolor. Error non ill', 0, 0, 5);
INSERT INTO question (`id`, `title`, `description`, `optional`, `multiple`, `poll_id`) VALUES (9, 'Ipsum et consequatur eos debitis omnis enim.', 'Voluptate ea eum ut eum quae. Aut recusandae expedita perspiciatis voluptatem velit temporibus ea. Blanditiis blanditiis et quisquam et provident laud', 0, 1, 3);
INSERT INTO question (`id`, `title`, `description`, `optional`, `multiple`, `poll_id`) VALUES (10, 'Praesentium dolore est dolor ab quo doloremque.', 'Sunt assumenda laborum saepe cumque fugit temporibus nihil. Officia voluptas sit occaecati necessitatibus. Autem deleniti et hic voluptatem. Sit iste ', 1, 0, 6);
INSERT INTO question (`id`, `title`, `description`, `optional`, `multiple`, `poll_id`) VALUES (11, 'Fugiat enim sunt temporibus sit ut ipsa in.', 'Quis molestias quibusdam delectus atque. Eum soluta soluta explicabo recusandae qui aut. Perspiciatis doloremque sed dolores assumenda ipsa aut perspi', 1, 0, 6);
INSERT INTO question (`id`, `title`, `description`, `optional`, `multiple`, `poll_id`) VALUES (12, 'Ipsam sit et quia odit quia facilis officiis.', 'Voluptatem qui ea officia magni repellat eum. Et laboriosam optio ipsum ducimus odio officia. Ea deleniti doloribus exercitationem aliquid.', 0, 0, 7);
INSERT INTO question (`id`, `title`, `description`, `optional`, `multiple`, `poll_id`) VALUES (13, 'Molestiae et quis aperiam sit est sit ipsam.', 'Voluptatum aut esse porro quaerat nulla. Minus doloremque laboriosam vitae fuga possimus ullam odit libero. Ratione dolorem non velit ad dolores dolor', 1, 0, 6);
INSERT INTO question (`id`, `title`, `description`, `optional`, `multiple`, `poll_id`) VALUES (14, 'Sed nemo sapiente error nulla aut impedit tempore.', 'Eius culpa qui totam. Repellendus voluptatem corporis et et ut et autem quia. Voluptas tempora ipsum ut veniam porro quo quod optio. Nemo ipsum delect', 0, 0, 10);
INSERT INTO question (`id`, `title`, `description`, `optional`, `multiple`, `poll_id`) VALUES (15, 'Magnam autem qui nisi nulla alias sint.', 'Neque fugit quo omnis quibusdam cum labore voluptatem. Voluptatem doloremque inventore vel eos rerum illum ratione.', 0, 1, 6);
INSERT INTO question (`id`, `title`, `description`, `optional`, `multiple`, `poll_id`) VALUES (16, 'Dicta architecto a nihil commodi.', 'Expedita aut iusto maxime est maiores ratione perspiciatis. Blanditiis laudantium debitis nihil fugit repellendus qui. Et aut et illum facilis.', 1, 0, 10);
INSERT INTO question (`id`, `title`, `description`, `optional`, `multiple`, `poll_id`) VALUES (17, 'Cumque ut exercitationem velit fugit impedit sequi', 'Non eum eos sapiente voluptas enim ratione quasi tempora. Nihil deserunt voluptatibus adipisci suscipit rerum qui.', 0, 0, 8);
INSERT INTO question (`id`, `title`, `description`, `optional`, `multiple`, `poll_id`) VALUES (18, 'Voluptas optio iure blanditiis iure ab sint.', 'Non voluptate qui est natus. Sed et aut eius qui illum voluptates. Qui officia vel tempore eos dolorem autem.', 1, 0, 7);
INSERT INTO question (`id`, `title`, `description`, `optional`, `multiple`, `poll_id`) VALUES (19, 'Consequuntur quam aut quos laborum.', 'Ratione minus iusto praesentium vero. Ea voluptas ex exercitationem ea aut. Necessitatibus et similique rerum earum ullam voluptas earum ea. Quibusdam', 1, 1, 10);
INSERT INTO question (`id`, `title`, `description`, `optional`, `multiple`, `poll_id`) VALUES (20, 'Alias quaerat molestiae iusto et.', 'Assumenda molestiae excepturi autem corporis. Ullam pariatur quia possimus excepturi id minus. Libero aut ratione delectus. Voluptatem dolores volupta', 1, 1, 6);
INSERT INTO question (`id`, `title`, `description`, `optional`, `multiple`, `poll_id`) VALUES (21, 'Est quasi ea ut doloribus ipsa.', 'Aut nulla blanditiis corporis sunt voluptatem non. Voluptate molestias est vel eaque nihil accusantium. Eum voluptas et libero corrupti adipisci. Non ', 0, 1, 5);
INSERT INTO question (`id`, `title`, `description`, `optional`, `multiple`, `poll_id`) VALUES (22, 'Sunt ea ab non quia impedit eligendi.', 'Omnis quia temporibus debitis sed. Odio omnis aut ducimus quas enim quam. Vel in eos dolorem ut et nesciunt a.', 0, 1, 7);
INSERT INTO question (`id`, `title`, `description`, `optional`, `multiple`, `poll_id`) VALUES (23, 'Vel nostrum eum incidunt.', 'Eum porro debitis et in. Quisquam autem impedit porro error dolorum impedit iure. Itaque officiis mollitia ut ipsum. Quibusdam doloribus distinctio au', 1, 1, 3);
INSERT INTO question (`id`, `title`, `description`, `optional`, `multiple`, `poll_id`) VALUES (24, 'Modi et rerum consequatur magni error.', 'Accusantium quo asperiores placeat illo quis veritatis. Blanditiis magni velit provident inventore commodi sint aspernatur. Neque blanditiis nihil ani', 1, 0, 3);
INSERT INTO question (`id`, `title`, `description`, `optional`, `multiple`, `poll_id`) VALUES (25, 'Soluta consequatur ab molestiae.', 'Suscipit quis corrupti libero similique ut. Est deleniti harum id sit. Voluptatum et quam in est.', 0, 0, 4);
INSERT INTO question (`id`, `title`, `description`, `optional`, `multiple`, `poll_id`) VALUES (26, 'Sed quo autem sunt quis architecto et.', 'Tenetur officiis et at voluptatum itaque quidem. Eius distinctio et amet facere id dolorem.', 0, 0, 3);
INSERT INTO question (`id`, `title`, `description`, `optional`, `multiple`, `poll_id`) VALUES (27, 'Harum illo voluptas eum consectetur similique quo ', 'Molestias minus culpa voluptas sapiente numquam. Voluptas modi fugit placeat non. Qui iste velit vitae amet velit veritatis laborum.', 0, 0, 3);
INSERT INTO question (`id`, `title`, `description`, `optional`, `multiple`, `poll_id`) VALUES (28, 'Odio consectetur quas numquam dolor rerum error.', 'Unde alias et rerum non corporis aut necessitatibus praesentium. Et praesentium nobis sunt totam. Asperiores molestias rerum in sint. Iusto et ipsa qu', 1, 1, 7);
INSERT INTO question (`id`, `title`, `description`, `optional`, `multiple`, `poll_id`) VALUES (29, 'Tempora quam sequi dolore minima ut harum quis ut.', 'Id harum eaque voluptatibus ullam recusandae quos eum. Quod voluptatum quia ullam vitae molestiae eos ullam ipsum. Voluptas tempore reprehenderit ea d', 0, 1, 1);
INSERT INTO question (`id`, `title`, `description`, `optional`, `multiple`, `poll_id`) VALUES (30, 'Architecto laudantium esse quos incidunt et blandi', 'Architecto vel ab aut quaerat eius cupiditate et. Nulla et sed impedit quia rerum. Qui optio qui omnis pariatur mollitia.', 1, 0, 4);
INSERT INTO question (`id`, `title`, `description`, `optional`, `multiple`, `poll_id`) VALUES (31, 'Nostrum voluptate corrupti qui quas vel temporibus', 'Dolorem eius et veniam ratione repudiandae perferendis sapiente. Consequuntur assumenda dolore nulla eligendi. Eius enim corporis iure non eum. Autem ', 0, 0, 4);
INSERT INTO question (`id`, `title`, `description`, `optional`, `multiple`, `poll_id`) VALUES (32, 'Delectus necessitatibus dolores nulla aliquid volu', 'Quibusdam minus ipsam explicabo consequatur. Doloremque modi voluptate suscipit. Quia dolorem et ut illo aliquam dignissimos nesciunt. Et voluptatibus', 1, 1, 8);
INSERT INTO question (`id`, `title`, `description`, `optional`, `multiple`, `poll_id`) VALUES (33, 'Libero ducimus illo sit delectus soluta ad odit.', 'Voluptatem qui atque at eligendi. Aut voluptatem blanditiis natus autem eum sed optio. Eum neque voluptatem explicabo veritatis ratione nulla ex. Libe', 0, 1, 9);
INSERT INTO question (`id`, `title`, `description`, `optional`, `multiple`, `poll_id`) VALUES (34, 'Consequuntur adipisci facilis temporibus fugiat an', 'Dolor reiciendis eligendi ullam iure. Quisquam sed ut iusto quibusdam. Dolore esse qui non occaecati.', 0, 1, 8);
INSERT INTO question (`id`, `title`, `description`, `optional`, `multiple`, `poll_id`) VALUES (35, 'Ex nihil ut dolores nobis.', 'Voluptatem facilis impedit nam cupiditate ut repudiandae fugit. Vel quia facilis natus molestiae. Alias voluptatem placeat enim illo sint voluptatem.', 0, 1, 7);
INSERT INTO question (`id`, `title`, `description`, `optional`, `multiple`, `poll_id`) VALUES (36, 'Et qui porro magni architecto recusandae pariatur ', 'Et fugiat officia deserunt. Sint qui sunt voluptate tempore minima. Repellendus non quam error soluta eaque. Error aut dolorum nobis ad rem.', 1, 1, 2);
INSERT INTO question (`id`, `title`, `description`, `optional`, `multiple`, `poll_id`) VALUES (37, 'Voluptas esse qui aperiam.', 'Eos dolore molestiae et recusandae quia. Vero ipsum esse maxime eum et laboriosam ipsum quia. Aut perspiciatis vitae ut qui. Dolorum eos itaque est pa', 1, 1, 2);
INSERT INTO question (`id`, `title`, `description`, `optional`, `multiple`, `poll_id`) VALUES (38, 'Cumque et eos vel et quae dolores.', 'Est explicabo est animi hic. Repudiandae assumenda qui sed laudantium. Fugit ducimus ut amet omnis. Officiis voluptatem omnis omnis provident sunt con', 0, 1, 2);
INSERT INTO question (`id`, `title`, `description`, `optional`, `multiple`, `poll_id`) VALUES (39, 'Et assumenda facere eos tempore.', 'Et eligendi nisi eum. Accusamus illum magni in corporis. Quo culpa accusamus recusandae voluptatem ducimus. Accusantium commodi nostrum sit dolores cu', 0, 1, 7);
INSERT INTO question (`id`, `title`, `description`, `optional`, `multiple`, `poll_id`) VALUES (40, 'Ullam laboriosam possimus quod quibusdam laborum.', 'Maxime et facilis in. Qui quia impedit esse perspiciatis dignissimos sunt possimus atque. Facilis debitis repudiandae quisquam sapiente.', 0, 1, 3);
INSERT INTO question (`id`, `title`, `description`, `optional`, `multiple`, `poll_id`) VALUES (41, 'Adipisci ea rerum ullam cumque illum asperiores.', 'Dolorem quis sit provident iusto sit. Dolorem maxime repellat et iure corrupti et sapiente. Ullam quisquam ea velit illum a eligendi ex.', 1, 1, 6);
INSERT INTO question (`id`, `title`, `description`, `optional`, `multiple`, `poll_id`) VALUES (42, 'Delectus officiis eaque odio sit consequatur.', 'Laborum labore itaque deserunt et nihil sint. Et est culpa possimus minus voluptas. Et quasi perferendis voluptatum aut debitis.', 0, 0, 5);
INSERT INTO question (`id`, `title`, `description`, `optional`, `multiple`, `poll_id`) VALUES (43, 'Sit ut ad modi vel ut.', 'Et pariatur quod molestias rerum. Molestias ab omnis voluptas. Ullam pariatur ad pariatur beatae. Voluptate accusantium harum consequatur facere ad au', 1, 1, 9);
INSERT INTO question (`id`, `title`, `description`, `optional`, `multiple`, `poll_id`) VALUES (44, 'Voluptas libero sunt et sint in deleniti.', 'Vitae minima consequatur qui magnam minus saepe neque similique. Quisquam velit dolores ea. Minus voluptate excepturi placeat quaerat cum minus aliqua', 0, 1, 5);
INSERT INTO question (`id`, `title`, `description`, `optional`, `multiple`, `poll_id`) VALUES (45, 'Modi modi dolorem ipsam.', 'Minus aut molestias qui quam illo. Quod similique voluptatem vitae odio. Sed id nulla laudantium nobis repellendus.', 1, 0, 2);
INSERT INTO question (`id`, `title`, `description`, `optional`, `multiple`, `poll_id`) VALUES (46, 'Quia temporibus quidem eligendi praesentium evenie', 'Iusto eum itaque reprehenderit animi vitae minus unde. Et voluptatem libero a vel qui quis possimus. Aut cumque rerum dolore non dicta aut natus quis.', 0, 1, 8);
INSERT INTO question (`id`, `title`, `description`, `optional`, `multiple`, `poll_id`) VALUES (47, 'Eligendi numquam quis et nulla rerum sapiente faci', 'Deleniti ea nihil et et sint voluptatibus similique nisi. Asperiores vitae ut rem veritatis.', 0, 0, 9);
INSERT INTO question (`id`, `title`, `description`, `optional`, `multiple`, `poll_id`) VALUES (48, 'Aliquid possimus nemo aut et debitis.', 'Deleniti aspernatur vitae sit consequuntur. Aliquid facilis maxime quisquam similique cum. In accusamus molestias sunt non fugit occaecati.', 1, 0, 2);
INSERT INTO question (`id`, `title`, `description`, `optional`, `multiple`, `poll_id`) VALUES (49, 'Quae soluta ut recusandae et assumenda non unde.', 'Nulla minus omnis reprehenderit quasi. Harum alias cumque et autem. Delectus reprehenderit maiores consequuntur molestiae magnam incidunt nulla sint.', 0, 0, 7);
INSERT INTO question (`id`, `title`, `description`, `optional`, `multiple`, `poll_id`) VALUES (50, 'Incidunt non laudantium laborum consequatur est do', 'Placeat laudantium minus et voluptatem facere soluta. Neque recusandae dolorem ipsa officia sit deserunt voluptatem. Mollitia quo culpa nihil praesent', 0, 1, 1);


#Question Option



INSERT INTO question_option (`id`, `description`, `question_id`) VALUES (1, 'Aliquam autem corporis non qui architecto ut suscipit voluptatum. Et incidunt rerum atque sint. Cumque aut numquam vero quaerat in. Consectetur quis s', 24);
INSERT INTO question_option (`id`, `description`, `question_id`) VALUES (2, 'Explicabo voluptas fugiat numquam. Molestiae autem aut autem aliquam unde laboriosam doloremque quibusdam. Temporibus neque nulla voluptatem velit del', 47);
INSERT INTO question_option (`id`, `description`, `question_id`) VALUES (3, 'Aut molestiae quis sit perferendis. Facere amet fugit sequi nam. Maxime magni et ex quia dolorum eum qui. Enim dolores rem quam et sed debitis.', 14);
INSERT INTO question_option (`id`, `description`, `question_id`) VALUES (4, 'Similique repellendus voluptatem natus praesentium nulla. Fugit provident earum debitis incidunt. Odio vitae neque molestias distinctio excepturi itaq', 16);
INSERT INTO question_option (`id`, `description`, `question_id`) VALUES (5, 'Totam hic omnis odio aut ipsa a pariatur. Rerum quasi dolor libero voluptatibus praesentium non cumque. Temporibus inventore repudiandae fugiat aut vo', 16);
INSERT INTO question_option (`id`, `description`, `question_id`) VALUES (6, 'Ipsum magnam provident amet voluptas libero quod. Mollitia vel adipisci libero et consequatur harum. Facere hic cupiditate et tempora corrupti praesen', 36);
INSERT INTO question_option (`id`, `description`, `question_id`) VALUES (7, 'Dolores odit sit cumque sed nam sit commodi. Non nobis ullam qui ducimus. Iste minima asperiores nihil nulla eius. Ipsa animi qui at nihil. Ipsam vero', 42);
INSERT INTO question_option (`id`, `description`, `question_id`) VALUES (8, 'Autem alias dolores vero praesentium. Aut et est consequatur ut non quasi. Dolorem qui repudiandae sunt repudiandae atque molestiae quas.', 34);
INSERT INTO question_option (`id`, `description`, `question_id`) VALUES (9, 'Qui aut asperiores sed quia nemo non. Explicabo veritatis beatae omnis. Excepturi pariatur et ut voluptates ut at facilis ut.', 10);
INSERT INTO question_option (`id`, `description`, `question_id`) VALUES (10, 'Quaerat nulla natus molestiae quia. Quod dolor dolores velit et voluptas quis.', 5);
INSERT INTO question_option (`id`, `description`, `question_id`) VALUES (11, 'Dolore accusantium nihil labore. Sit odio provident dolorum qui eius qui. Alias occaecati modi officiis eaque ut veniam nobis. Provident provident tem', 46);
INSERT INTO question_option (`id`, `description`, `question_id`) VALUES (12, 'Doloremque repudiandae voluptate et omnis at. Aliquam qui ut omnis molestiae libero sit. Ut ab minus ut ipsa voluptas.', 29);
INSERT INTO question_option (`id`, `description`, `question_id`) VALUES (13, 'Fugiat a eligendi nihil. Omnis recusandae ut dolores neque. Eum eius fugiat temporibus dolor earum. Eveniet commodi in quia pariatur. Voluptatem illo ', 13);
INSERT INTO question_option (`id`, `description`, `question_id`) VALUES (14, 'Inventore dolore rerum natus. Eaque eum ea impedit sit voluptas et laborum. Sed molestiae numquam recusandae ut illum saepe incidunt.', 6);
INSERT INTO question_option (`id`, `description`, `question_id`) VALUES (15, 'Saepe et esse nihil provident. Quisquam et ipsa nam sequi eum. Accusantium rem qui quis a. Illum neque maxime suscipit consectetur non eos.', 41);
INSERT INTO question_option (`id`, `description`, `question_id`) VALUES (16, 'Quae consequuntur voluptatem et modi vero. Veritatis rerum tempora aliquam ipsa maxime culpa. Ullam quis et ipsam earum deserunt qui voluptatem.', 5);
INSERT INTO question_option (`id`, `description`, `question_id`) VALUES (17, 'Ex eveniet quia hic nemo rerum. Et omnis cupiditate ipsam. Et quam et et ad. Nihil omnis laborum sit voluptas architecto porro.', 30);
INSERT INTO question_option (`id`, `description`, `question_id`) VALUES (18, 'Illum aut et eum est. Corporis sed et occaecati sed nesciunt consequuntur eligendi. Ullam rem quas odio quo illum unde quod esse.', 41);
INSERT INTO question_option (`id`, `description`, `question_id`) VALUES (19, 'Ullam eaque distinctio aspernatur quibusdam voluptatum architecto ut quia. Dolorem autem et et magnam enim.', 43);
INSERT INTO question_option (`id`, `description`, `question_id`) VALUES (20, 'Incidunt quae aliquid qui consequuntur et ut molestiae. Molestiae necessitatibus qui natus. Non ut dolore vel quia dolorem libero.', 2);
INSERT INTO question_option (`id`, `description`, `question_id`) VALUES (21, 'Eos et vel enim doloremque sunt inventore numquam. Sed nesciunt assumenda maiores soluta soluta nihil. Ducimus cum laboriosam voluptatum.', 5);
INSERT INTO question_option (`id`, `description`, `question_id`) VALUES (22, 'Et soluta voluptates expedita eius necessitatibus omnis. Ut enim vitae fugit occaecati sit fugiat quisquam. Est a et qui omnis reprehenderit et. Volup', 10);
INSERT INTO question_option (`id`, `description`, `question_id`) VALUES (23, 'Est et expedita minus deserunt. Possimus corrupti accusantium harum aut repellendus. Eos tempore est mollitia illum.', 5);
INSERT INTO question_option (`id`, `description`, `question_id`) VALUES (24, 'Soluta animi architecto et voluptas sit eum sunt. Nam quia accusantium ducimus sed consequuntur. Qui sunt consectetur voluptatem quos vitae qui.', 35);
INSERT INTO question_option (`id`, `description`, `question_id`) VALUES (25, 'Rerum qui delectus laborum qui unde nisi. Non sed exercitationem ut ut.', 8);
INSERT INTO question_option (`id`, `description`, `question_id`) VALUES (26, 'Et molestiae et itaque veritatis omnis. Qui assumenda consequatur quidem voluptas quos fugiat a ea. Sit praesentium rerum sequi eum recusandae.', 3);
INSERT INTO question_option (`id`, `description`, `question_id`) VALUES (27, 'Facere deleniti ut quo officiis doloremque aut. Enim cumque rerum qui exercitationem omnis voluptas. Cum ea quia voluptatem autem asperiores modi. Tem', 40);
INSERT INTO question_option (`id`, `description`, `question_id`) VALUES (28, 'Voluptas et et totam sed temporibus. Deleniti et totam maxime culpa dignissimos ex. Dolores quia sed repellendus beatae veritatis impedit. Cumque rati', 5);
INSERT INTO question_option (`id`, `description`, `question_id`) VALUES (29, 'Eligendi et occaecati dolor excepturi et rerum. Qui qui similique amet eos. Non doloremque dicta nisi aut error tempore sit quos. Et molestiae volupta', 11);
INSERT INTO question_option (`id`, `description`, `question_id`) VALUES (30, 'Eum et non non. Officia sit ex sequi possimus ab. Hic est dolorum molestiae itaque eaque inventore.', 26);
INSERT INTO question_option (`id`, `description`, `question_id`) VALUES (31, 'Aliquam voluptatem ea incidunt ducimus sapiente. Laudantium nesciunt et blanditiis non sequi quaerat eos.', 35);
INSERT INTO question_option (`id`, `description`, `question_id`) VALUES (32, 'At nostrum sunt harum totam voluptatem magni repudiandae non. Et quis soluta doloremque aperiam est voluptas. Natus voluptas omnis eum consequuntur cu', 49);
INSERT INTO question_option (`id`, `description`, `question_id`) VALUES (33, 'Recusandae perspiciatis rerum quaerat. Ut culpa est a neque distinctio. Qui vel pariatur reiciendis quibusdam.', 48);
INSERT INTO question_option (`id`, `description`, `question_id`) VALUES (34, 'Maxime deserunt omnis laboriosam dignissimos earum ab voluptatem. Ipsa ut vel aliquid saepe quia non. Consequatur dolores officiis aut. Autem ea cupid', 22);
INSERT INTO question_option (`id`, `description`, `question_id`) VALUES (35, 'Non aliquid voluptatem fugit in et quos cupiditate architecto. Quo inventore ut voluptate officiis asperiores aut minus. Sed eos non sed qui.', 39);
INSERT INTO question_option (`id`, `description`, `question_id`) VALUES (36, 'Reiciendis quia quas ducimus alias sit maxime. Cum temporibus voluptas ut velit soluta animi autem. Explicabo qui veritatis corrupti ut.', 45);
INSERT INTO question_option (`id`, `description`, `question_id`) VALUES (37, 'Natus quia et qui quam asperiores. Quis soluta dicta laudantium voluptatibus cupiditate. Placeat fuga porro ut aut et.', 39);
INSERT INTO question_option (`id`, `description`, `question_id`) VALUES (38, 'Neque ullam id laudantium et ut est. Iste quia quia saepe praesentium harum vero officiis. Qui esse dolor omnis ut sint sunt sit pariatur.', 48);
INSERT INTO question_option (`id`, `description`, `question_id`) VALUES (39, 'Dolorem dignissimos itaque perferendis maxime perferendis eum. Adipisci excepturi itaque fuga. Sapiente et optio ut quis vel. Quis quas sunt facere qu', 14);
INSERT INTO question_option (`id`, `description`, `question_id`) VALUES (40, 'Libero numquam necessitatibus et qui optio reprehenderit aliquid. Ratione omnis aut voluptatem quod est. Ea est incidunt aut adipisci illum. Ut tenetu', 27);
INSERT INTO question_option (`id`, `description`, `question_id`) VALUES (41, 'Labore eveniet sapiente explicabo dolor qui. Esse dignissimos consectetur sint numquam minus. Maiores dolorem dolore tempora maxime maiores.', 47);
INSERT INTO question_option (`id`, `description`, `question_id`) VALUES (42, 'Voluptate in et fugiat consequatur perspiciatis sequi dolore. Et delectus rerum nisi laudantium atque sit neque. Ea animi cumque voluptas et soluta pe', 32);
INSERT INTO question_option (`id`, `description`, `question_id`) VALUES (43, 'Sed alias deleniti architecto voluptatem. Est et qui iure dicta blanditiis sunt asperiores. Exercitationem consequuntur repudiandae sit officiis rerum', 27);
INSERT INTO question_option (`id`, `description`, `question_id`) VALUES (44, 'Dolorem nemo vel dolores qui consequatur quo et. Libero quia ut quis inventore impedit itaque ipsam. Sapiente sunt ducimus ex vitae.', 2);
INSERT INTO question_option (`id`, `description`, `question_id`) VALUES (45, 'Ab rem odio soluta ut est voluptates. Quod incidunt numquam quia deserunt. Qui laborum omnis odit voluptatem excepturi. Ad veritatis dignissimos dicta', 33);
INSERT INTO question_option (`id`, `description`, `question_id`) VALUES (46, 'Consectetur vel molestiae dolor ducimus nobis quo laborum. Quo dignissimos quia dolores qui voluptatem. Est maxime molestias impedit qui.', 33);
INSERT INTO question_option (`id`, `description`, `question_id`) VALUES (47, 'Sit cum in consequatur delectus dolorem dolore rerum. Amet ad numquam quia cumque accusantium a iusto accusantium.', 27);
INSERT INTO question_option (`id`, `description`, `question_id`) VALUES (48, 'Dolor corrupti amet vitae aspernatur et vel aut. Soluta nulla quo quae et. Et voluptas sit in a tenetur. Nemo esse id asperiores recusandae.', 23);
INSERT INTO question_option (`id`, `description`, `question_id`) VALUES (49, 'Et at non enim dolorem tempora. Libero eos eveniet autem rerum porro sed.', 2);
INSERT INTO question_option (`id`, `description`, `question_id`) VALUES (50, 'Et dolores non ab voluptas quia odio aut. Ea numquam ut nisi aliquid. Et similique consequatur quaerat assumenda qui saepe et reiciendis.', 48);
INSERT INTO question_option (`id`, `description`, `question_id`) VALUES (51, 'Dolorum vitae nostrum nemo minima. Illum quia excepturi qui consequatur neque eius. Esse a quisquam ut rerum totam. Molestias amet aspernatur sequi.', 22);
INSERT INTO question_option (`id`, `description`, `question_id`) VALUES (52, 'Recusandae delectus ducimus quis et ut ducimus perferendis. Dolorum et at magni nemo. Ea numquam voluptatem aliquid non deserunt voluptatem.', 27);
INSERT INTO question_option (`id`, `description`, `question_id`) VALUES (53, 'Consequatur est nemo blanditiis sit autem quia debitis. Ipsa iusto iusto explicabo unde incidunt ut praesentium. Ut libero eaque enim. Maiores omnis d', 18);
INSERT INTO question_option (`id`, `description`, `question_id`) VALUES (54, 'Rerum officiis debitis nostrum sit sit qui corporis. Explicabo consequatur voluptas consequatur et deserunt id non. Et quaerat voluptatem sit sed veni', 42);
INSERT INTO question_option (`id`, `description`, `question_id`) VALUES (55, 'Omnis delectus distinctio neque dolores. Sint ipsum nam ipsam natus a eum enim. Ea qui possimus illo sequi voluptatem.', 14);
INSERT INTO question_option (`id`, `description`, `question_id`) VALUES (56, 'Aut eaque facere repudiandae et consequuntur provident. Delectus in quia ut tenetur optio. Ut non est facere rerum harum quia id quidem. Doloribus vol', 50);
INSERT INTO question_option (`id`, `description`, `question_id`) VALUES (57, 'Tenetur expedita laudantium qui vel molestiae ut rem. Culpa optio veritatis facere libero fugiat voluptatum. Atque ullam distinctio et sint voluptatem', 32);
INSERT INTO question_option (`id`, `description`, `question_id`) VALUES (58, 'Voluptatum consequatur iure eius maiores sit non porro. Tenetur voluptatem adipisci consectetur id ea repellat vel. Quod fuga quasi et modi odit cupid', 26);
INSERT INTO question_option (`id`, `description`, `question_id`) VALUES (59, 'Aliquid rerum sed libero eum perspiciatis ipsum sapiente occaecati. Ut sit quisquam architecto molestias. Iusto quasi dolores dicta et debitis.', 32);
INSERT INTO question_option (`id`, `description`, `question_id`) VALUES (60, 'Id dolores hic et atque et cumque. Officia reiciendis quos sapiente magni vel voluptatem. Necessitatibus quasi sunt pariatur.', 31);
INSERT INTO question_option (`id`, `description`, `question_id`) VALUES (61, 'Velit dolores illum non sit neque distinctio architecto. Quibusdam maxime non amet harum cupiditate quis reprehenderit. Sit aspernatur non quibusdam a', 2);
INSERT INTO question_option (`id`, `description`, `question_id`) VALUES (62, 'Dicta ipsa beatae ut exercitationem. Harum qui mollitia dolorem. Est ut et est quia ut debitis.', 10);
INSERT INTO question_option (`id`, `description`, `question_id`) VALUES (63, 'Recusandae repellendus illo et molestias ut. Velit ex sequi aut adipisci nam architecto consequatur. Impedit voluptate repellendus rerum molestiae.', 37);
INSERT INTO question_option (`id`, `description`, `question_id`) VALUES (64, 'Iure fugiat blanditiis sapiente. Rerum ullam ut quia modi qui modi. Aliquid aut nihil repudiandae odit et. Eos ut quo et corrupti sint inventore volup', 12);
INSERT INTO question_option (`id`, `description`, `question_id`) VALUES (65, 'Dolores ad aut natus cupiditate accusamus nulla. Ipsam dolores nobis qui et. Eum omnis fuga fuga. Minus sit reiciendis doloribus quis occaecati sit.', 9);
INSERT INTO question_option (`id`, `description`, `question_id`) VALUES (66, 'Ipsam ducimus dolor amet incidunt nesciunt. Corrupti voluptate eos ipsa accusamus nulla. Quam repellendus eos dolorum ab laudantium. Laudantium eum vo', 32);
INSERT INTO question_option (`id`, `description`, `question_id`) VALUES (67, 'Inventore quia odio delectus animi. Non est quia vel dolor atque possimus quia expedita. Architecto debitis esse quos ex similique minima ipsam volupt', 49);
INSERT INTO question_option (`id`, `description`, `question_id`) VALUES (68, 'Id molestias voluptatem assumenda delectus explicabo. Est nemo fuga minus totam aliquid. Tempore dicta sed est non soluta. Ut explicabo exercitationem', 47);
INSERT INTO question_option (`id`, `description`, `question_id`) VALUES (69, 'Iusto iure rerum incidunt et. Molestiae ipsam et quo aut provident est beatae. Omnis fugiat voluptatibus aut ut. Doloribus esse ullam pariatur ut veli', 16);
INSERT INTO question_option (`id`, `description`, `question_id`) VALUES (70, 'Consequatur magni eum sit asperiores esse. Perspiciatis ut voluptatum maiores temporibus ea sint accusamus. Ex itaque et quod nihil odio similique. Il', 28);
INSERT INTO question_option (`id`, `description`, `question_id`) VALUES (71, 'Est aperiam nemo quam aut dolores non sit maiores. Quibusdam architecto aut nostrum earum. Temporibus dolore non nostrum et rerum numquam ipsa.', 48);
INSERT INTO question_option (`id`, `description`, `question_id`) VALUES (72, 'Accusamus inventore iusto dignissimos accusamus similique. Sint quae id voluptates. Repellendus laborum molestias laboriosam in. Voluptate doloribus e', 43);
INSERT INTO question_option (`id`, `description`, `question_id`) VALUES (73, 'Aut commodi velit et nemo. Qui aut velit expedita voluptatum. Provident maxime repellat sit mollitia aut. Tempora consectetur omnis numquam in repudia', 10);
INSERT INTO question_option (`id`, `description`, `question_id`) VALUES (74, 'Possimus quasi assumenda temporibus non distinctio. Ratione error saepe veniam dolores voluptate. Velit aut et fugiat nemo. Placeat dicta iste aut aut', 8);
INSERT INTO question_option (`id`, `description`, `question_id`) VALUES (75, 'Numquam omnis excepturi natus neque cupiditate quia. Consequuntur expedita cupiditate placeat architecto libero laudantium. Est dolores aut cupiditate', 3);
INSERT INTO question_option (`id`, `description`, `question_id`) VALUES (76, 'Enim quibusdam pariatur minus ut et nemo. Vero rem autem maxime omnis aut. Id ut voluptas nam repudiandae nulla. Magnam error odio rerum unde.', 3);
INSERT INTO question_option (`id`, `description`, `question_id`) VALUES (77, 'Consequatur nobis suscipit iure veniam et. Iure accusantium voluptatibus earum enim itaque est quos perferendis. Eligendi veritatis nostrum eum eius d', 27);
INSERT INTO question_option (`id`, `description`, `question_id`) VALUES (78, 'Quia sint ut hic numquam. Magnam eligendi ipsam voluptate dolores in et quis. Est officiis quia temporibus.', 41);
INSERT INTO question_option (`id`, `description`, `question_id`) VALUES (79, 'Mollitia eaque porro ducimus id qui quam quia. Nihil ad molestiae laudantium expedita id blanditiis a.', 15);
INSERT INTO question_option (`id`, `description`, `question_id`) VALUES (80, 'Eos consectetur velit excepturi magni molestias cupiditate distinctio. Non temporibus earum eos perspiciatis. Ipsam eum porro in atque temporibus poss', 39);
INSERT INTO question_option (`id`, `description`, `question_id`) VALUES (81, 'Odio autem molestiae omnis quis quas et. Et nobis et enim rem autem minus maxime et. Blanditiis rem fugiat ut sit est dolor.', 49);
INSERT INTO question_option (`id`, `description`, `question_id`) VALUES (82, 'Impedit sint repellat ut sed eos. Ut exercitationem praesentium illum quia placeat id. Voluptatum excepturi laboriosam numquam fugit sequi placeat et.', 27);
INSERT INTO question_option (`id`, `description`, `question_id`) VALUES (83, 'Voluptatum qui facere et praesentium non molestiae temporibus. Porro consequatur ipsum minima mollitia in cupiditate facilis. Maxime animi et sapiente', 16);
INSERT INTO question_option (`id`, `description`, `question_id`) VALUES (84, 'Facere ut illum soluta non quo. Fuga non provident non fugiat. Rerum quam corrupti exercitationem laborum consequatur rerum voluptatem dolore. Dolor p', 8);
INSERT INTO question_option (`id`, `description`, `question_id`) VALUES (85, 'Nobis accusantium provident ut explicabo ducimus. Distinctio voluptas tempora omnis mollitia voluptas et et soluta. Consequatur et est blanditiis exce', 28);
INSERT INTO question_option (`id`, `description`, `question_id`) VALUES (86, 'Aspernatur assumenda sint autem amet. Blanditiis facilis illo sed earum ut enim sit. Et aut iure et maxime molestias sit. Animi dolorem esse dolores i', 47);
INSERT INTO question_option (`id`, `description`, `question_id`) VALUES (87, 'Aut quas libero sunt omnis perferendis. Consequatur laudantium explicabo illo facilis aut. Quis consequatur et temporibus repellendus sunt alias odit.', 42);
INSERT INTO question_option (`id`, `description`, `question_id`) VALUES (88, 'Molestiae et libero et voluptates eum earum. Distinctio blanditiis dolor optio mollitia quia illum. Nam quisquam voluptatem perspiciatis dolorum recus', 4);
INSERT INTO question_option (`id`, `description`, `question_id`) VALUES (89, 'Provident perferendis ratione et et et vero. Autem ipsa fugit alias. Vero aliquam optio consequatur ab illum officia. Rem ex officia ipsum laborum.', 48);
INSERT INTO question_option (`id`, `description`, `question_id`) VALUES (90, 'Debitis ratione incidunt tenetur sit. Ut doloremque vitae tempore aliquam id aut quidem. Temporibus non veniam aut ipsam.', 26);
INSERT INTO question_option (`id`, `description`, `question_id`) VALUES (91, 'Quas et blanditiis deleniti provident aperiam. Velit praesentium deserunt corrupti nemo molestiae. Nam et ullam aliquid ut itaque non nesciunt omnis.', 34);
INSERT INTO question_option (`id`, `description`, `question_id`) VALUES (92, 'Sunt est in et sed. Blanditiis totam facere culpa qui incidunt corrupti magnam possimus. Explicabo ea voluptas voluptates architecto ex.', 41);
INSERT INTO question_option (`id`, `description`, `question_id`) VALUES (93, 'Quas odio adipisci dicta vel ipsum iusto. Quaerat atque perferendis aliquid voluptatem temporibus excepturi amet. Id tenetur placeat quasi debitis.', 49);
INSERT INTO question_option (`id`, `description`, `question_id`) VALUES (94, 'Saepe expedita quidem voluptas consequatur suscipit. Rerum quae nihil eos rerum eveniet iusto. Sint dolores est qui et suscipit. Voluptatem voluptatem', 1);
INSERT INTO question_option (`id`, `description`, `question_id`) VALUES (95, 'Aut tempora quasi qui aut reiciendis accusantium. Suscipit dolore quibusdam repudiandae eos ab voluptas repellendus distinctio. Natus quis ipsum assum', 26);
INSERT INTO question_option (`id`, `description`, `question_id`) VALUES (96, 'Maxime maiores id et. Et corporis repellat voluptas eius unde placeat voluptatibus. Consequatur animi nostrum itaque similique quis in magnam.', 47);
INSERT INTO question_option (`id`, `description`, `question_id`) VALUES (97, 'Voluptates quo eligendi molestias rerum vero. Facilis ab est quo unde. Unde dolores laudantium et dignissimos quaerat quae. Omnis ea molestiae qui ut ', 49);
INSERT INTO question_option (`id`, `description`, `question_id`) VALUES (98, 'Molestias autem maxime quisquam nemo odio vel pariatur. Vero ipsa qui omnis qui id hic. Aspernatur nobis et deleniti. Dolorem exercitationem alias dis', 19);
INSERT INTO question_option (`id`, `description`, `question_id`) VALUES (99, 'Veritatis atque magni omnis dicta labore quis iusto cum. Eaque laborum nostrum dolorum qui fugit consequatur earum. Dolor rerum nisi sequi est consequ', 34);
INSERT INTO question_option (`id`, `description`, `question_id`) VALUES (100, 'Amet consequatur eligendi beatae quisquam repudiandae a sed. Asperiores quos dolore hic earum quasi incidunt illo corporis. Modi fuga neque dignissimo', 35);



#Vote



INSERT INTO vote (`id`, `token`, `vote_type_id`, `vote_date`) VALUES (1, '1dfd338fdd03b62939ca0e692c81cb88562830835a8cb7bd4a04bb8dcb9abb84', 3, '2006-12-06');
INSERT INTO vote (`id`, `token`, `vote_type_id`, `vote_date`) VALUES (2, 'b7f1f52dbd312ac66d440283dad050e5333abe4363b186d9a8d8c2cd5472c932', 3, '2006-02-16');
INSERT INTO vote (`id`, `token`, `vote_type_id`, `vote_date`) VALUES (3, '72e2f4d6d7537dd061f85e4bae1a28debafe63ef8df576e586fd4e96364a3432', 1, '1974-11-26');
INSERT INTO vote (`id`, `token`, `vote_type_id`, `vote_date`) VALUES (4, '61e14fd2e80a5e763f4b099f69756095f0af13693589042027278c02b111ca95', 2, '2001-06-19');
INSERT INTO vote (`id`, `token`, `vote_type_id`, `vote_date`) VALUES (5, '5aba6deb5131a73657952fafdfa135943bf369473f554b5882602acf99a19513', 2, '2002-03-21');
INSERT INTO vote (`id`, `token`, `vote_type_id`, `vote_date`) VALUES (6, 'ce27c6386cddd8769a872dd97c176265277c436af025e63f3ba4dd965025d57e', 1, '1980-06-18');
INSERT INTO vote (`id`, `token`, `vote_type_id`, `vote_date`) VALUES (7, 'a54b34512cb3faf48879a91a1617b845ff94a16e85bbfc0881204bc0a2ccc03b', 3, '1993-06-15');
INSERT INTO vote (`id`, `token`, `vote_type_id`, `vote_date`) VALUES (8, '6a54f80c3ffbc8c9d01a673ccbddf9d524141cc64c53095ef51d5b7691aa281d', 1, '2005-08-31');
INSERT INTO vote (`id`, `token`, `vote_type_id`, `vote_date`) VALUES (9, '76fa4660a9235e4a30f09b60170cd0088e0b6bd270972c819ec44fd366d39b74', 2, '1973-12-20');
INSERT INTO vote (`id`, `token`, `vote_type_id`, `vote_date`) VALUES (10, 'c5ce5f8b4e76c2e49b0b3be7c3baf83d1a698c596b69a6a1a43e4eb73bbce269', 2, '1989-11-20');
INSERT INTO vote (`id`, `token`, `vote_type_id`, `vote_date`) VALUES (11, 'd5cdc2a1c05ef9c960b0f397bae4acfff72f81b32d8060e2ef33ef5c79e876d0', 2, '2001-02-10');
INSERT INTO vote (`id`, `token`, `vote_type_id`, `vote_date`) VALUES (12, '857a753b92350faece190fc8b1ce1d54a75127d5ac5db9752f579a03dac81e20', 3, '2016-05-18');
INSERT INTO vote (`id`, `token`, `vote_type_id`, `vote_date`) VALUES (13, '1b9a5253e9bb4c30fad5823b5a7387f68e77cfdd235665f05a739ff29429729d', 2, '2001-06-08');
INSERT INTO vote (`id`, `token`, `vote_type_id`, `vote_date`) VALUES (14, '6912a292206f17fa7cfd49eca6ead26bcaba00efc8a52bfbf34f5c2acda15f9f', 1, '1982-10-28');
INSERT INTO vote (`id`, `token`, `vote_type_id`, `vote_date`) VALUES (15, '7233a2fab9b98a94423f6fce436c6a8a3c59200da6c819c71fdeba995a98cdd9', 3, '1988-08-11');
INSERT INTO vote (`id`, `token`, `vote_type_id`, `vote_date`) VALUES (16, 'a1f44146c6636b305ef11210792388cb127acb7b50b0cc3a04cc8c12631b0b50', 2, '1976-10-01');
INSERT INTO vote (`id`, `token`, `vote_type_id`, `vote_date`) VALUES (17, '8bbb0e07dfd51e1da2ff77fed83926a08530d9631e605ba61ff6890a90eb15c1', 1, '1971-07-02');
INSERT INTO vote (`id`, `token`, `vote_type_id`, `vote_date`) VALUES (18, '601e75a83e22bd438ae479b748b28d0f189503938da2beaa61235ae90af44880', 2, '1994-12-26');
INSERT INTO vote (`id`, `token`, `vote_type_id`, `vote_date`) VALUES (19, '94a4f15c9222381ad636a9b94894f5c78bbb1ab29a6fc9c4b4801c3935c9b7aa', 2, '2004-02-23');
INSERT INTO vote (`id`, `token`, `vote_type_id`, `vote_date`) VALUES (20, '307879b62277dad621cd6523d9828127f5a9e78d4149cce711a8a1ddc900a92a', 3, '2001-07-10');
INSERT INTO vote (`id`, `token`, `vote_type_id`, `vote_date`) VALUES (21, '1c842dfa0cb97ea89baf1ae5aae7861c9daf0482d5dadb58e52eb8a7343b1d21', 2, '2009-10-06');
INSERT INTO vote (`id`, `token`, `vote_type_id`, `vote_date`) VALUES (22, 'b3b5ad1d723d874fde205600d818df94e8981130dfaae1313cf6466b33cdde96', 2, '1994-09-27');
INSERT INTO vote (`id`, `token`, `vote_type_id`, `vote_date`) VALUES (23, 'd6010e98b739292fbca259f216d585b06e89c25a5f16a895165c786de69eceaf', 1, '2006-11-10');
INSERT INTO vote (`id`, `token`, `vote_type_id`, `vote_date`) VALUES (24, 'c58cc73de46310da9b063e5811a503d5d743dfe32711e82b53a1c3c8852032f4', 3, '1991-10-30');
INSERT INTO vote (`id`, `token`, `vote_type_id`, `vote_date`) VALUES (25, '2865401551e01c98491f72ee24081088edcca6f429329b37e7c788eace9506e5', 1, '1986-07-22');
INSERT INTO vote (`id`, `token`, `vote_type_id`, `vote_date`) VALUES (26, 'e4829b3769080f19273a3550992868125812f17c64a9da4fb24c76c5b9cb23e9', 1, '1972-04-06');
INSERT INTO vote (`id`, `token`, `vote_type_id`, `vote_date`) VALUES (27, '7a2167844a1ade77642759160b09bf482cdd423f8d3ef2f85923cb0866e81143', 2, '2011-12-03');
INSERT INTO vote (`id`, `token`, `vote_type_id`, `vote_date`) VALUES (28, '6e388fd3f92032c1c57acf7f6e9ead084aa2defaf26441d0b63f5689375402b6', 3, '2009-01-15');
INSERT INTO vote (`id`, `token`, `vote_type_id`, `vote_date`) VALUES (29, '2e4be2e797d86f0b7eafc39b1502855a8e94b27d00479d38175bcb26452ce19d', 3, '1972-04-08');
INSERT INTO vote (`id`, `token`, `vote_type_id`, `vote_date`) VALUES (30, '440d1a6788b4fa3005fc65dbe0cc56a7d4550db530062299fcbfd014c1fc4f1e', 2, '2014-05-12');
INSERT INTO vote (`id`, `token`, `vote_type_id`, `vote_date`) VALUES (31, 'ab7b31471698ec4acef5fefc48e960af4bb3f633d04be85fc5a8f50dc2ffcd41', 3, '2001-07-18');
INSERT INTO vote (`id`, `token`, `vote_type_id`, `vote_date`) VALUES (32, '1361937bb94911ccbc19c38673a9ba14ed4a3ecdafe1ef8324818a52143eb778', 3, '2013-09-26');
INSERT INTO vote (`id`, `token`, `vote_type_id`, `vote_date`) VALUES (33, '21f84b6db4382bc060ba82675f3a7d73e529f291dec6c464d468a47e908393ab', 1, '1992-04-21');
INSERT INTO vote (`id`, `token`, `vote_type_id`, `vote_date`) VALUES (34, '879a3fa596d8c0398f27d4afff59a5fcdcd7e9fe30ea44d1d03d357b52030469', 3, '1984-01-23');
INSERT INTO vote (`id`, `token`, `vote_type_id`, `vote_date`) VALUES (35, '44ef0b41b6c209527a92ab61c69aab47ad31a15e4cc317fa65489f39add4f3cd', 1, '2004-12-10');
INSERT INTO vote (`id`, `token`, `vote_type_id`, `vote_date`) VALUES (36, '0133bc7873f160f9248c03a604602dd19944b6a4a1920ccef9270e1c133985c1', 3, '2016-01-12');
INSERT INTO vote (`id`, `token`, `vote_type_id`, `vote_date`) VALUES (37, '4e7cbdf95bf89ce20591f536f2500528b2978df98d71bcebaba7812da908c291', 3, '1993-04-27');
INSERT INTO vote (`id`, `token`, `vote_type_id`, `vote_date`) VALUES (38, '3ca08328ff5b89fa46745bd9dd4ab022a13f3a59bb4dcab5acdabdc9b7953021', 1, '1977-03-31');
INSERT INTO vote (`id`, `token`, `vote_type_id`, `vote_date`) VALUES (39, '0ef748833c7fa7923f325c5aaa5008d02972d341badbf963f6ae8ea29cc8eca9', 3, '1980-09-13');
INSERT INTO vote (`id`, `token`, `vote_type_id`, `vote_date`) VALUES (40, '9e5eab80f725e9f3cf84641f035e820db10b6a65173bc1fd30b33d7e05eca698', 2, '1991-05-14');
INSERT INTO vote (`id`, `token`, `vote_type_id`, `vote_date`) VALUES (41, '5e16b03e1e0d3212874d40468364b9c96fe15df54e67879083f91f4bc85887ea', 2, '2015-03-24');
INSERT INTO vote (`id`, `token`, `vote_type_id`, `vote_date`) VALUES (42, '8252e51d2e95de56b26077a207ccbf1d7a11e6115150786be6c1d7a601f7ea8e', 2, '1995-02-11');
INSERT INTO vote (`id`, `token`, `vote_type_id`, `vote_date`) VALUES (43, 'bec5a671a6586ae3ed1f2128ccee0fd8c49809ccaaa7efe93e3c951b3de6d2fe', 1, '1977-12-14');
INSERT INTO vote (`id`, `token`, `vote_type_id`, `vote_date`) VALUES (44, '79f1647d53d202de4cea5e7d999684454a73abd34c0177258fd934543af5b5a2', 1, '1974-08-06');
INSERT INTO vote (`id`, `token`, `vote_type_id`, `vote_date`) VALUES (45, '4e4f36e710e0230290384f18a499291bcfedd7d4fdc90609d97ec826a55c0760', 2, '2007-09-22');
INSERT INTO vote (`id`, `token`, `vote_type_id`, `vote_date`) VALUES (46, '7cf4f8ed140bab1ffb6074945588bb710897e6575841cda684795a742f343017', 1, '1976-09-05');
INSERT INTO vote (`id`, `token`, `vote_type_id`, `vote_date`) VALUES (47, '3bbfaa513d12e08ee9835cbd62fb8df2826794fba82a9ee66400c2d5db2d7685', 2, '1981-09-13');
INSERT INTO vote (`id`, `token`, `vote_type_id`, `vote_date`) VALUES (48, '88c5e2c4d885468d9e0b26395d8151519776fc7a86416f8afde1892fbfa78c11', 2, '1987-02-02');
INSERT INTO vote (`id`, `token`, `vote_type_id`, `vote_date`) VALUES (49, '913253568fe2c4264a4cf3b7d5941aa87c4914970354b2498e41597d15de0fef', 2, '1996-02-11');
INSERT INTO vote (`id`, `token`, `vote_type_id`, `vote_date`) VALUES (50, '60e37dfc900ee5239f036fee15bacd23983f7348ad4420c9d63cf2955c785816', 1, '2002-12-06');
INSERT INTO vote (`id`, `token`, `vote_type_id`, `vote_date`) VALUES (51, '4b6262c9764a6dfd604ede87ef4a3d9b335fcb78212506615e861015c6f5bc96', 1, '2006-02-06');
INSERT INTO vote (`id`, `token`, `vote_type_id`, `vote_date`) VALUES (52, 'acfd40eeb77e1dc9e9ded627d26507410d006ff2af3068907da50cbbd1326571', 3, '1986-12-02');
INSERT INTO vote (`id`, `token`, `vote_type_id`, `vote_date`) VALUES (53, 'e7d00637c3f1b9462a78f3b21f177129e35604a22e91e7534611860293e81705', 3, '1998-02-07');
INSERT INTO vote (`id`, `token`, `vote_type_id`, `vote_date`) VALUES (54, '38a058afa66236131aa42fbfcb5e1591bd3ae03ecad991d4648fd738daa310db', 2, '2004-04-19');
INSERT INTO vote (`id`, `token`, `vote_type_id`, `vote_date`) VALUES (55, '8bb8e52123196dde35b74525ba33c5b9b4f1acad964058f9064e8d062d62963c', 3, '1974-12-26');
INSERT INTO vote (`id`, `token`, `vote_type_id`, `vote_date`) VALUES (56, '863550bb11e24ab0eefcf5617f2cd973a220e000fb210025bb4bcca6e5b0f084', 3, '1990-08-08');
INSERT INTO vote (`id`, `token`, `vote_type_id`, `vote_date`) VALUES (57, 'e90f1ec934b93f780a5ffae2fac15214d9872ec919d240f689ae6faadddd2f08', 3, '1997-09-09');
INSERT INTO vote (`id`, `token`, `vote_type_id`, `vote_date`) VALUES (58, 'a2f6f8801d0162bbd9bad78198217640c5eaf10a8b6caa0093f30f1e0c59e6a1', 1, '2003-10-09');
INSERT INTO vote (`id`, `token`, `vote_type_id`, `vote_date`) VALUES (59, '912359f971eb080b80d98053ceaf7b8c9ce1cce51f8a105753a149f2ef15f7ef', 2, '2000-02-19');
INSERT INTO vote (`id`, `token`, `vote_type_id`, `vote_date`) VALUES (60, '19dc3f8e21e35f711ff49403ae82afd30d49ee76a5e6998363e613bda49e9066', 3, '1970-05-19');
INSERT INTO vote (`id`, `token`, `vote_type_id`, `vote_date`) VALUES (61, '0bc4dce2f3db1376de06d2d43e9527d3951c98661733d26b03059322ef08e000', 3, '1999-12-06');
INSERT INTO vote (`id`, `token`, `vote_type_id`, `vote_date`) VALUES (62, '79e61811806625e674936a65742f0484ebf2f5915f2d8f15f4abdbde3bce3f02', 1, '1995-10-21');
INSERT INTO vote (`id`, `token`, `vote_type_id`, `vote_date`) VALUES (63, '103c4e06f8f186f4b3416c99a9ef95fa953fd4ed87ef9fe2a02e13e310f034fc', 2, '2001-01-24');
INSERT INTO vote (`id`, `token`, `vote_type_id`, `vote_date`) VALUES (64, '021f9e45f8b7d9120efcb86b360165352a5c07fd30a70c7d158467d83c238e16', 1, '1986-09-13');
INSERT INTO vote (`id`, `token`, `vote_type_id`, `vote_date`) VALUES (65, '24306d50296013645a2a93aaaabbb8e7c7daaf9d018ebb2c18d3abfd335aba61', 1, '2016-05-28');
INSERT INTO vote (`id`, `token`, `vote_type_id`, `vote_date`) VALUES (66, 'e7f4fbfd97bd5390a32ddfa4bd7d89dd31e8c7c4b20935a9d0d30a817f7f16e5', 2, '2012-04-11');
INSERT INTO vote (`id`, `token`, `vote_type_id`, `vote_date`) VALUES (67, '327f9504c4e28ee44fa18b607664c7bdb4895414d9ad18cc3ab4805f4d17ace6', 3, '1980-07-14');
INSERT INTO vote (`id`, `token`, `vote_type_id`, `vote_date`) VALUES (68, '85a6cf3dbe39fb0b8de0ab1cda897d68d14b457cadd57018665d40d251349d01', 3, '2006-09-05');
INSERT INTO vote (`id`, `token`, `vote_type_id`, `vote_date`) VALUES (69, '40009f89d4b2b22f2eadb04cb75cb12c0d014c18c81c8a558582fa79d9d6c343', 3, '2011-11-25');
INSERT INTO vote (`id`, `token`, `vote_type_id`, `vote_date`) VALUES (70, 'eed0723ce640a3fff275bdc7d937335eb9e4cc40afe47cbf269def43c998431d', 2, '1990-07-25');
INSERT INTO vote (`id`, `token`, `vote_type_id`, `vote_date`) VALUES (71, '5a6fe5abb4d992a01d41db1461ec04cc9906839ec7851a1de16181f715d07783', 1, '1992-01-23');
INSERT INTO vote (`id`, `token`, `vote_type_id`, `vote_date`) VALUES (72, '24ca536cdc7feb1823e5cb1c73a19ab01b040cd29278f89e5199854c3d092681', 1, '2004-09-30');
INSERT INTO vote (`id`, `token`, `vote_type_id`, `vote_date`) VALUES (73, 'e0a003f7a7e10fe8ba856f22f9f76985ba84a26dae0fc595073c704376a003da', 1, '1983-06-08');
INSERT INTO vote (`id`, `token`, `vote_type_id`, `vote_date`) VALUES (74, 'a761ca82b85affab34826afa4cb95527d1ca5a858710dfcded8c474d7aa9036e', 2, '2005-06-26');
INSERT INTO vote (`id`, `token`, `vote_type_id`, `vote_date`) VALUES (75, '8f850744594db4f1f4f38984e89e467360e301067eef798fce63de67eccafeb2', 2, '1988-05-10');
INSERT INTO vote (`id`, `token`, `vote_type_id`, `vote_date`) VALUES (76, 'f94e9572e5b000e16ff42757c63f6314ac3e60d857ba2d5cd22bd14ac6378c2a', 2, '2007-07-08');
INSERT INTO vote (`id`, `token`, `vote_type_id`, `vote_date`) VALUES (77, '1f49b1b262915595d8dc22ee521e5eb37b6715e1ab82da7acf8d9a3fc216bab7', 3, '1994-06-25');
INSERT INTO vote (`id`, `token`, `vote_type_id`, `vote_date`) VALUES (78, '84785b625d56e8b818d1b1fbe0c291d0bb6dde688704a0df35557151d6e3321e', 3, '1996-07-05');
INSERT INTO vote (`id`, `token`, `vote_type_id`, `vote_date`) VALUES (79, '2bc620ff868dfc2c0fb3a9a752eb8fda29f9ec7620d627d1a100654ccbf56798', 1, '1975-12-10');
INSERT INTO vote (`id`, `token`, `vote_type_id`, `vote_date`) VALUES (80, '4dad461fa84e25829fd0e7591e335214a9d30350d508192aa705691625a7b1fc', 1, '1982-11-08');
INSERT INTO vote (`id`, `token`, `vote_type_id`, `vote_date`) VALUES (81, '703646632fbb321e1b5d1c68ed3adb3403971e235a586b9de636a142bae2a39f', 1, '2012-02-06');
INSERT INTO vote (`id`, `token`, `vote_type_id`, `vote_date`) VALUES (82, 'e39e6d6fde8258506e784c9504ebfe1a6077fbd6319b72ff0f0a615de1c71ea5', 2, '1995-07-12');
INSERT INTO vote (`id`, `token`, `vote_type_id`, `vote_date`) VALUES (83, '37a84a6c7c391a4513e986119cd025e4b75a3db31e9ae8fe5d76003944a3a24c', 1, '1978-02-28');
INSERT INTO vote (`id`, `token`, `vote_type_id`, `vote_date`) VALUES (84, '5db0fbeb70b045b39019141929a73069b0b980aa3e0106f77d74a2665a492a6a', 3, '2012-11-15');
INSERT INTO vote (`id`, `token`, `vote_type_id`, `vote_date`) VALUES (85, 'cb95bc44afa6ca26953d5acbfad49a3c277f5137fec1fe04db9214289283c984', 3, '1979-04-07');
INSERT INTO vote (`id`, `token`, `vote_type_id`, `vote_date`) VALUES (86, '270cb3d5c2fa90f3caa660899d59905e8141ae75aa1319b6d26258dfa7e9b6db', 3, '1977-01-09');
INSERT INTO vote (`id`, `token`, `vote_type_id`, `vote_date`) VALUES (87, 'd1d3d8840259a7bc834c1c9ead0babfb9b3d77048486ef220d1175dd8afd5111', 3, '1988-02-10');
INSERT INTO vote (`id`, `token`, `vote_type_id`, `vote_date`) VALUES (88, '385dc8b4c10253a057522997502caa220bda9d6f58de0b18a2524a3128898113', 2, '1986-01-13');
INSERT INTO vote (`id`, `token`, `vote_type_id`, `vote_date`) VALUES (89, 'd3f90d0a95e551d52008b56c32144b25fe0c81f4964624117e5ed9151b6c4ab6', 1, '1984-08-10');
INSERT INTO vote (`id`, `token`, `vote_type_id`, `vote_date`) VALUES (90, 'ca930f75df42bac3aefcdf523ad4c8171a49818c9f7086dec7fd0c4b32c5dbe2', 1, '1978-09-30');
INSERT INTO vote (`id`, `token`, `vote_type_id`, `vote_date`) VALUES (91, '4ebe632991addb5a55a0e026cc50b655a4070892d7f776a6f7c114bec3a981ee', 1, '1971-12-11');
INSERT INTO vote (`id`, `token`, `vote_type_id`, `vote_date`) VALUES (92, '6ad9749b215362463c636bf0cc957023866ba2ec74637b729a9a7081b38f3c56', 1, '2006-03-25');
INSERT INTO vote (`id`, `token`, `vote_type_id`, `vote_date`) VALUES (93, '4373b343e3d5d766c2bc4475643aa41140832f31cab5b4d1e7383687a89a211c', 2, '1980-10-07');
INSERT INTO vote (`id`, `token`, `vote_type_id`, `vote_date`) VALUES (94, '67ef7b5c23e7cf3b0d03784cf630f6255c8e88141157197213f0b440e7d39b18', 3, '2000-06-08');
INSERT INTO vote (`id`, `token`, `vote_type_id`, `vote_date`) VALUES (95, 'eb75a0d41e294041765f9a481657ce6f9ec8a324eda4a8ba869c6c55d253b0ac', 1, '2002-03-05');
INSERT INTO vote (`id`, `token`, `vote_type_id`, `vote_date`) VALUES (96, '698b13cee78c1add2157aa3a0273f7936857ac9c6942f7f209a3f99d24422f16', 2, '1991-03-25');
INSERT INTO vote (`id`, `token`, `vote_type_id`, `vote_date`) VALUES (97, '7b1506330ec9741068f63b319790477c22cf6ae41a50011a1cfe5dcbfe18c1c7', 2, '2007-12-31');
INSERT INTO vote (`id`, `token`, `vote_type_id`, `vote_date`) VALUES (98, '99e7e5eea6d417a7756a88eb6c4d45b952a9b41271d34f6874e66e934dc97619', 3, '2013-07-06');
INSERT INTO vote (`id`, `token`, `vote_type_id`, `vote_date`) VALUES (99, '85758320502bd30eda4109aa932d96aeae94876750b7360886cfad0afbb7bf8b', 2, '1987-04-06');
INSERT INTO vote (`id`, `token`, `vote_type_id`, `vote_date`) VALUES (100, '9f7294786df17fa8a5431645942a30adb7eea4f1d15da50fd09928cbb67ea361', 1, '2012-05-15');
INSERT INTO vote (`id`, `token`, `vote_type_id`, `vote_date`) VALUES (101, 'fe33695cba544adb8ac95b2572ebdf25ff82aeade670993f19d5daf0ddc6c3e4', 2, '1980-09-07');
INSERT INTO vote (`id`, `token`, `vote_type_id`, `vote_date`) VALUES (102, '8562c6853b85b25c56dd66fef8d787065fbb0a25e1da7bfbaf1f3ecf8cd21e15', 3, '2014-10-30');
INSERT INTO vote (`id`, `token`, `vote_type_id`, `vote_date`) VALUES (103, 'e1fff75753c33731cc7be270abaf0ed0f159172024be8469f430770d73d066fb', 2, '1985-12-06');
INSERT INTO vote (`id`, `token`, `vote_type_id`, `vote_date`) VALUES (104, 'c0c4268ba491785428a405f41d1523f77372de1ed00a896c250a2ce5bee703fa', 2, '1983-01-09');
INSERT INTO vote (`id`, `token`, `vote_type_id`, `vote_date`) VALUES (105, '975d71f6614406ecf80e6a8bd6998df9215dd07b1d553ad9d437e0cc625c5c04', 2, '1972-05-24');
INSERT INTO vote (`id`, `token`, `vote_type_id`, `vote_date`) VALUES (106, '38bcc86de723838bc6f5ad94fe774b47706e4a499bfef79d7d2bef36b5f24c1f', 3, '1972-01-30');
INSERT INTO vote (`id`, `token`, `vote_type_id`, `vote_date`) VALUES (107, '3e9f3b9109db9ed43cc3cf808bcdc92d80003d99a67ae4b031e5554ead99322d', 1, '2010-04-03');
INSERT INTO vote (`id`, `token`, `vote_type_id`, `vote_date`) VALUES (108, '1bc6054f5788f54b59d6b8a39431027ac3409e28c8180979b60950664df106e9', 1, '2013-10-13');
INSERT INTO vote (`id`, `token`, `vote_type_id`, `vote_date`) VALUES (109, 'a106e4d8f231f272fb68458815f0f61dd95963ebb0a694c9f14fc67b38fe920f', 3, '1970-01-27');
INSERT INTO vote (`id`, `token`, `vote_type_id`, `vote_date`) VALUES (110, '1ce1638e52c85b7c3b4501aaa7253bbfc81ac440dacbc14bad959eb4aec2869e', 1, '1997-08-23');
INSERT INTO vote (`id`, `token`, `vote_type_id`, `vote_date`) VALUES (111, '05ba708a8e1ae509edac715036e8e77d4023f214546760d63b0cbe0cabcfae3a', 2, '1975-01-07');
INSERT INTO vote (`id`, `token`, `vote_type_id`, `vote_date`) VALUES (112, 'f25899c48a8582145d9a31d9fd6fbe10c17ceaf6d31e1be543a45ae1ee4cb197', 3, '2009-07-23');
INSERT INTO vote (`id`, `token`, `vote_type_id`, `vote_date`) VALUES (113, '8b0936e0ed6ac4f3366179e47e34c8692a02f4dcf0614cf22b891a04d99367da', 2, '2012-10-01');
INSERT INTO vote (`id`, `token`, `vote_type_id`, `vote_date`) VALUES (114, 'b38b8790a649d9b81b728353cb1df14609da6c07abc004dfb6d24ecc7d3956f4', 2, '1983-04-16');
INSERT INTO vote (`id`, `token`, `vote_type_id`, `vote_date`) VALUES (115, 'c9f348a6e88a0223c597371317e26f14b2172d9f8f32c5142e7b9a3896ed740b', 3, '2014-01-12');
INSERT INTO vote (`id`, `token`, `vote_type_id`, `vote_date`) VALUES (116, 'ea4a375018455478dd55b01ce1be576b29f767678e47f183b9572467ac3e953c', 1, '1978-07-22');
INSERT INTO vote (`id`, `token`, `vote_type_id`, `vote_date`) VALUES (117, '1acf2add34928ca83dd6470eabb4a974cbdf3d8dd0740a3ddec0fc556b1e71a7', 2, '1982-09-08');
INSERT INTO vote (`id`, `token`, `vote_type_id`, `vote_date`) VALUES (118, 'c5c8f09472465580434870611a65f9e6dde7d7069e54f810d77b4f28e43b4374', 2, '1989-12-30');
INSERT INTO vote (`id`, `token`, `vote_type_id`, `vote_date`) VALUES (119, '4871e0184c717aba87829b794064ddd8b6e41a50b3c243dca4f6c51cadceb49c', 3, '1988-07-30');
INSERT INTO vote (`id`, `token`, `vote_type_id`, `vote_date`) VALUES (120, 'b330af55b7c6d52d0fdf1d4a004030421388215735595dc4f72cb61cd2450048', 3, '1996-01-01');
INSERT INTO vote (`id`, `token`, `vote_type_id`, `vote_date`) VALUES (121, '73253537324a2e560a8036ceb821ff86a064fb9db0f68cf64a98ab51c8b37ea3', 3, '2015-07-18');
INSERT INTO vote (`id`, `token`, `vote_type_id`, `vote_date`) VALUES (122, '7a3c3c4fc4b0aa03c71f179a435cf4389bc98cc870b60eea210349879d25bb15', 1, '2010-10-19');
INSERT INTO vote (`id`, `token`, `vote_type_id`, `vote_date`) VALUES (123, '0a64a7db1d66d609b2d4a226787fca5f14042b50d2f1c8b6a8a2c9a0936047ae', 3, '2013-01-15');
INSERT INTO vote (`id`, `token`, `vote_type_id`, `vote_date`) VALUES (124, 'd75726798dd4be3f16a613217cfad5c6799d57a1f63410f382214e2b8293d363', 1, '1989-09-14');
INSERT INTO vote (`id`, `token`, `vote_type_id`, `vote_date`) VALUES (125, '90d29e08182ba912e0311053791bb4bbc7abbe15c3d3a21b6d337c067185311d', 3, '2009-06-03');
INSERT INTO vote (`id`, `token`, `vote_type_id`, `vote_date`) VALUES (126, '2a2b36e8da38e316351339d460909f6fce88686ae097a14720c498df27c5f3b1', 1, '2006-08-30');
INSERT INTO vote (`id`, `token`, `vote_type_id`, `vote_date`) VALUES (127, '4163018764615c5173cac99739bc5f01a85020b969b1235a982119b80d996772', 3, '2002-11-02');
INSERT INTO vote (`id`, `token`, `vote_type_id`, `vote_date`) VALUES (128, 'e3081ddf1dc57917c48731cf1907c4c8228fa4e7436b8d99ccbd0e886628990e', 1, '2015-01-04');
INSERT INTO vote (`id`, `token`, `vote_type_id`, `vote_date`) VALUES (129, '52d419a1d614db1a881089ec57bc389ace7f7f910aac1b51df0b601d85e94174', 3, '1984-11-27');
INSERT INTO vote (`id`, `token`, `vote_type_id`, `vote_date`) VALUES (130, '706cf038b9a6fa0becad42dfe560fd05a411474a39d15ff950703710de59a78a', 1, '2007-02-01');
INSERT INTO vote (`id`, `token`, `vote_type_id`, `vote_date`) VALUES (131, 'c0068eb203962c25afd6c06af1de518f223e97287ccea8319d5bb97925860952', 2, '1982-08-20');
INSERT INTO vote (`id`, `token`, `vote_type_id`, `vote_date`) VALUES (132, '3194d5a884cba570c75d7a3abad2df287ba5a0e44c56bd870c97545ed1a8919a', 2, '1970-01-11');
INSERT INTO vote (`id`, `token`, `vote_type_id`, `vote_date`) VALUES (133, 'c7a066c8e9212de7aaf084c4aacfaeb028d1eb63842fe0dc5821fdd584ff9353', 1, '2012-06-13');
INSERT INTO vote (`id`, `token`, `vote_type_id`, `vote_date`) VALUES (134, 'f284cee26e028d9607918b75bdf606d610195afccf98fa62e28af92cc4452e43', 3, '2013-05-11');
INSERT INTO vote (`id`, `token`, `vote_type_id`, `vote_date`) VALUES (135, '74461b737413cd98bc0cedfd0c6b9ffa8a710ccdf996e8c3c7e4176b018794ac', 1, '1993-02-17');
INSERT INTO vote (`id`, `token`, `vote_type_id`, `vote_date`) VALUES (136, '8c1fea7a61b3cfa45c2475bff9444c6702655e5d2d48e74dc8024800102b758e', 2, '1988-12-22');
INSERT INTO vote (`id`, `token`, `vote_type_id`, `vote_date`) VALUES (137, '2199e2a243782333843485b1d32ae83750d3b297ef240040c7c6b7a8889ff39d', 2, '1986-08-25');
INSERT INTO vote (`id`, `token`, `vote_type_id`, `vote_date`) VALUES (138, '87e35c1a306dc8f7e65e86044f931b78481390112bfb0a89182314c9be0fbde7', 1, '1970-01-05');
INSERT INTO vote (`id`, `token`, `vote_type_id`, `vote_date`) VALUES (139, '6e8c1895dd1a400bc938dee6ef8ba2020d9f080e689a4e8d1829f8d9375b8c3b', 3, '2008-03-12');
INSERT INTO vote (`id`, `token`, `vote_type_id`, `vote_date`) VALUES (140, '885cd308939434db6036ad5e8c54b3d1bb8ec8bc8d0a4489a4c538bf1c6d3d77', 2, '1971-04-02');
INSERT INTO vote (`id`, `token`, `vote_type_id`, `vote_date`) VALUES (141, 'ea611b849e8adabf6fe950c4c03e518524f6bc14d5516d2fd2aacaa526e78abf', 1, '1989-09-07');
INSERT INTO vote (`id`, `token`, `vote_type_id`, `vote_date`) VALUES (142, '0dc9f7a31ced03ef823b6fe4400cab51cfb8e5553b5559ae67211a26e15ba33d', 1, '1991-09-26');
INSERT INTO vote (`id`, `token`, `vote_type_id`, `vote_date`) VALUES (143, 'fb7ac32594aa1edb3979e2c69d75a5fda3a6d05c9bf5b142b81bcec5fbd0abfd', 1, '1993-05-21');
INSERT INTO vote (`id`, `token`, `vote_type_id`, `vote_date`) VALUES (144, 'c3e884792ace1eea0f8d48f811f76a02d1aac9a5f715b0b2ebaa5ec0b98fb69f', 2, '1986-05-19');
INSERT INTO vote (`id`, `token`, `vote_type_id`, `vote_date`) VALUES (145, '8f580ec86fa3a2cabc9ea3dcccb32ea27ba5730aa86ccb1545f9e9ea202b233c', 3, '1988-12-19');
INSERT INTO vote (`id`, `token`, `vote_type_id`, `vote_date`) VALUES (146, '9319fadac49c590b884fbfd9ba13aa9ed8f8b42999518801ddc4da21bcc193ee', 1, '1984-05-07');
INSERT INTO vote (`id`, `token`, `vote_type_id`, `vote_date`) VALUES (147, 'bab12fee4a9e1594e54656bf5209220fed2db0d41151a9298ab3fbbab1b62ea9', 3, '1974-09-12');
INSERT INTO vote (`id`, `token`, `vote_type_id`, `vote_date`) VALUES (148, '1b93dc6554c3066e881a4dc95e2eb9ba2029e8a2fa3ebd46c815338858fb6439', 2, '1983-08-08');
INSERT INTO vote (`id`, `token`, `vote_type_id`, `vote_date`) VALUES (149, '263b47eb37b1a98c14994e18d52fa7e7bdf67f7aed7f183328515c695c24d782', 2, '2000-04-22');
INSERT INTO vote (`id`, `token`, `vote_type_id`, `vote_date`) VALUES (150, 'e228481408746f5d26139df4fbd6a8744b29bbe95241a0ad635bce4461ca9fcc', 3, '1995-10-31');
INSERT INTO vote (`id`, `token`, `vote_type_id`, `vote_date`) VALUES (151, '987d194360083215904550cb7b27077c1704a0e5ffc1f4580ce97fa502cf194c', 1, '1983-04-05');
INSERT INTO vote (`id`, `token`, `vote_type_id`, `vote_date`) VALUES (152, 'cd9d279fc01347ed4fc6638c52e7d8413ebc0f29cf2cf562873da363896325b5', 1, '2011-01-06');
INSERT INTO vote (`id`, `token`, `vote_type_id`, `vote_date`) VALUES (153, 'deb9dbb318e563bdfddcc9466ce7d389d30bcb8330214e0a6ee438f8d36e9b26', 3, '1977-08-28');
INSERT INTO vote (`id`, `token`, `vote_type_id`, `vote_date`) VALUES (154, '33dc0ff65292b26c6b33062d5d404a8835f1cca09c889d622db3662ee4de33f2', 1, '1998-04-02');
INSERT INTO vote (`id`, `token`, `vote_type_id`, `vote_date`) VALUES (155, 'e73982e14f708d3ffb9774a4fe28088f99ea04e51c19e2d87d9d0374f02e4770', 2, '1978-11-19');
INSERT INTO vote (`id`, `token`, `vote_type_id`, `vote_date`) VALUES (156, '06621f8c3a13b4b00a98e727805e465402828ca99baf83d715166b2641253d6f', 3, '1975-01-05');
INSERT INTO vote (`id`, `token`, `vote_type_id`, `vote_date`) VALUES (157, '528940a6e29aed7458d76ec123c3e95a558472f4363d262e8df4bcb5eca72ed6', 1, '1980-03-02');
INSERT INTO vote (`id`, `token`, `vote_type_id`, `vote_date`) VALUES (158, 'c5a92014083ecdf716c34f9c5464dc7efb5c7cbe08b411eea92dbb6fb29a018e', 1, '2013-05-22');
INSERT INTO vote (`id`, `token`, `vote_type_id`, `vote_date`) VALUES (159, '72607fc07f07c7a25f45bf7b6f38af05f778315405bd6d3929b14a6170e89085', 3, '2016-08-15');
INSERT INTO vote (`id`, `token`, `vote_type_id`, `vote_date`) VALUES (160, 'f12e7d3946554c9a5168d585e8fa1b255fd4980ae0aec23fb7066bf99b3389a5', 3, '2013-05-19');
INSERT INTO vote (`id`, `token`, `vote_type_id`, `vote_date`) VALUES (161, 'd6e0cc2824c9e3bdfac5c4e87dfd788daa2468b8ecdba6c083bbf87d09a01c83', 2, '2011-11-28');
INSERT INTO vote (`id`, `token`, `vote_type_id`, `vote_date`) VALUES (162, '3a5e04b6a90aa2e113ce217bd05e441e138ea5035a6339c233c9ef2000ca0747', 2, '1981-02-18');
INSERT INTO vote (`id`, `token`, `vote_type_id`, `vote_date`) VALUES (163, 'da55e21b57ddfba5e0bbb2d66947a4b6ee5df52a1d88e8b8ea183f7a5b1fe859', 2, '1986-10-06');
INSERT INTO vote (`id`, `token`, `vote_type_id`, `vote_date`) VALUES (164, 'fed5d44945d4d8bad5fa52607db49cc52d86da688f97a226bec96e3c70c8c6be', 2, '1986-09-14');
INSERT INTO vote (`id`, `token`, `vote_type_id`, `vote_date`) VALUES (165, '258ea82fd2b851f1eefe10056833eee5e610c9a48768ae981eef6c69c2e6fc4c', 1, '2013-04-17');
INSERT INTO vote (`id`, `token`, `vote_type_id`, `vote_date`) VALUES (166, '084cb4ab228efd2a261fe18bf216d7411103ffdee6278ffc78098f7751e1b50f', 2, '1988-03-13');
INSERT INTO vote (`id`, `token`, `vote_type_id`, `vote_date`) VALUES (167, '79bc8c0862db68fc2a11dbbcca41b5fed0943365b21e659e7378ae59977da5bc', 1, '2012-08-18');
INSERT INTO vote (`id`, `token`, `vote_type_id`, `vote_date`) VALUES (168, 'ea960d208acbfde08c46301e3945ece132a37c3b3cb89d7503c0fc3cf851b305', 3, '1991-09-04');
INSERT INTO vote (`id`, `token`, `vote_type_id`, `vote_date`) VALUES (169, 'd20b832b3b48fd248f63449822a0bdfb2c59595ca3a1067348311eb8af687a68', 2, '1975-12-13');
INSERT INTO vote (`id`, `token`, `vote_type_id`, `vote_date`) VALUES (170, 'b6a0de9a631d0dccde9ef849667287b32d2eaae9a2570f7ac840fdc0f771f47a', 3, '1998-01-23');
INSERT INTO vote (`id`, `token`, `vote_type_id`, `vote_date`) VALUES (171, '8d27bc8d2a0df090ba84efaa983964352bfcbdc1e80a82c8a045cbeb5822f0d7', 1, '1992-06-11');
INSERT INTO vote (`id`, `token`, `vote_type_id`, `vote_date`) VALUES (172, '85790a3b98f371ab5a676fdf396422c83345a76aeead66a6eff9318899de4cff', 3, '2009-12-25');
INSERT INTO vote (`id`, `token`, `vote_type_id`, `vote_date`) VALUES (173, '86b21c21ebf1cf5182e5ba0f6d63f9b786216399e80c2b81762999fff8493d3e', 1, '1996-08-25');
INSERT INTO vote (`id`, `token`, `vote_type_id`, `vote_date`) VALUES (174, '3236d8c43f0982ef64b21517be9ff12cc31b9b93162872263c03521cc4b1c4a6', 1, '1986-01-08');
INSERT INTO vote (`id`, `token`, `vote_type_id`, `vote_date`) VALUES (175, '50b3c7548f043c549b8c069a9b5bc06d35c63434530f7ebedb15cd1409ed08a1', 2, '1993-10-12');
INSERT INTO vote (`id`, `token`, `vote_type_id`, `vote_date`) VALUES (176, 'd6cfae599440988b9a8a90a3df08a8e7c1930e641a20acbf475b4796ee674fde', 3, '2009-03-05');
INSERT INTO vote (`id`, `token`, `vote_type_id`, `vote_date`) VALUES (177, '2a900f6b7a844cb9ee9de04f6714efb2578670e5038434028527c6d2e9420184', 2, '2001-08-04');
INSERT INTO vote (`id`, `token`, `vote_type_id`, `vote_date`) VALUES (178, '604bfac368903b3a9e5f89f2f8cbde3eda2ab937c19fa97d5b7a29908d120fb4', 2, '1972-06-13');
INSERT INTO vote (`id`, `token`, `vote_type_id`, `vote_date`) VALUES (179, '5d65c9d20c9f252097f16d81c8fbfef294917fa850f65511e923c2050a24ad2d', 1, '1977-02-01');
INSERT INTO vote (`id`, `token`, `vote_type_id`, `vote_date`) VALUES (180, '65dba5a24116c7e9fdc625d40af046b0d4af96ffec76bc3ce064618a03eed23c', 3, '1976-02-19');
INSERT INTO vote (`id`, `token`, `vote_type_id`, `vote_date`) VALUES (181, '9ab11eae89dffb6e205a7fd52abe0f1c38b16f2b06af57eea2a5852ff9e42414', 1, '1970-01-19');
INSERT INTO vote (`id`, `token`, `vote_type_id`, `vote_date`) VALUES (182, '8b1184ec734fb64cb0970df057a6065955a5a214d6a8c1fe30efd88c2590776e', 2, '1973-07-25');
INSERT INTO vote (`id`, `token`, `vote_type_id`, `vote_date`) VALUES (183, '3bb46e79b93d8f1d420764cee72ca79ee0cdfb8be6f09dd71c565d4f83fdeb7b', 1, '1976-08-07');
INSERT INTO vote (`id`, `token`, `vote_type_id`, `vote_date`) VALUES (184, '12abda7843abb65110fd9745a8540d302d2add5385a9d9293a2c5e783d0dec0d', 1, '1973-05-20');
INSERT INTO vote (`id`, `token`, `vote_type_id`, `vote_date`) VALUES (185, 'e38b85124c16ab5b36b0a760097e0c53771df3fe62c255402af351a783d0950a', 2, '1985-12-03');
INSERT INTO vote (`id`, `token`, `vote_type_id`, `vote_date`) VALUES (186, 'd41534844f26b083869999a33ac5deeadbf576680e3606da85ee38b24d19b712', 2, '1990-03-11');
INSERT INTO vote (`id`, `token`, `vote_type_id`, `vote_date`) VALUES (187, '19fe3da80ad9a9c34aa2e7516700b3201fefd0ab1c2957bdb4f722a01a2f04b0', 3, '2001-08-14');
INSERT INTO vote (`id`, `token`, `vote_type_id`, `vote_date`) VALUES (188, 'df716cceeff5172a3d5d7b52c179d075432df350ff61529777bc55a8b2218b0b', 2, '2014-07-31');
INSERT INTO vote (`id`, `token`, `vote_type_id`, `vote_date`) VALUES (189, '1ab517dd2893f830ee8c278f6cebb9b3206220cc971152562c2a27495d045d2d', 3, '1988-05-03');
INSERT INTO vote (`id`, `token`, `vote_type_id`, `vote_date`) VALUES (190, 'd0faa27e89962cdfe8193effbe758eac917ee037bf91917c0b7c7f4b855020e7', 3, '1981-07-03');
INSERT INTO vote (`id`, `token`, `vote_type_id`, `vote_date`) VALUES (191, 'f615049eb92831140d0aad77f4961b816eb54523520aa53fe9f87df0ead453fe', 2, '1985-07-01');
INSERT INTO vote (`id`, `token`, `vote_type_id`, `vote_date`) VALUES (192, '9621794399e7684eeb0e305b4bf6ff5f6239321d3a34b2def93a69bbe4aec5dc', 1, '1981-10-08');
INSERT INTO vote (`id`, `token`, `vote_type_id`, `vote_date`) VALUES (193, '71cdd06a22c3bcd94fcaea1a1faf5abcf6ff5e809d763fdc7158380212c4e2e4', 1, '1972-12-31');
INSERT INTO vote (`id`, `token`, `vote_type_id`, `vote_date`) VALUES (194, 'f666a786696cd55f2289c595c2b5a437d7e64a5a6550baa77deaf5b1c45ca9c5', 3, '1977-03-27');
INSERT INTO vote (`id`, `token`, `vote_type_id`, `vote_date`) VALUES (195, 'a124fa011a4f668e01c4608bf8078c0bfcf0cc6cf9eb03ef669a2faf81bdb64b', 3, '1974-04-21');
INSERT INTO vote (`id`, `token`, `vote_type_id`, `vote_date`) VALUES (196, 'bfa35ace7f2d6e87ba7a66f9db4acad9bdb1ae4056747598c2511de3ff5916c4', 1, '2005-02-09');
INSERT INTO vote (`id`, `token`, `vote_type_id`, `vote_date`) VALUES (197, '9b593af924b4e161ac82b8a64a7ff6d4abeb7054ba239007b72c99dd29103292', 2, '2010-03-30');
INSERT INTO vote (`id`, `token`, `vote_type_id`, `vote_date`) VALUES (198, '12dd512f1e7896743740373fad8c49248810cb0ad1126c1164603d2865375159', 1, '1998-05-11');
INSERT INTO vote (`id`, `token`, `vote_type_id`, `vote_date`) VALUES (199, '17a7d283fd70b264ed453b74cc1ce440071ddf0ee2e9a0019752246ba923905b', 3, '2008-11-27');
INSERT INTO vote (`id`, `token`, `vote_type_id`, `vote_date`) VALUES (200, '55b4ff9105c74a265131037dcef9ae82f306f3c852ac14d8ca2d48a6668218e8', 1, '2005-04-19');
INSERT INTO vote (`id`, `token`, `vote_type_id`, `vote_date`) VALUES (201, '0ffbd7dc7c29865cbdcba7fae0ba18247e5e40852764e8cc606381c146d72b46', 3, '1972-01-09');
INSERT INTO vote (`id`, `token`, `vote_type_id`, `vote_date`) VALUES (202, '48d851c3a574816c345d791c0515fdf54e7f5fc164d8d99c9ae6202199f95756', 3, '1973-10-14');
INSERT INTO vote (`id`, `token`, `vote_type_id`, `vote_date`) VALUES (203, '1b74ed00a7e31d0ee3de792839f914a72808f6858c747777d9aad3e3ef178d1e', 3, '1976-10-15');
INSERT INTO vote (`id`, `token`, `vote_type_id`, `vote_date`) VALUES (204, 'e5e47feec53d355b9946aa9949b5b91b1b5e5d553146c761573d9ca0c9cab11f', 1, '2001-06-12');
INSERT INTO vote (`id`, `token`, `vote_type_id`, `vote_date`) VALUES (205, 'fd97507f18d7c5fe7567e1bb29f436d0736f91702f6ddc47533cf8d26bd3a5e5', 1, '1996-07-30');
INSERT INTO vote (`id`, `token`, `vote_type_id`, `vote_date`) VALUES (206, '9df99c2f8fa9e8dd4a06d9d4ee213fe9b3e04c8811602b85100120ba24aa3d2a', 2, '2002-11-18');
INSERT INTO vote (`id`, `token`, `vote_type_id`, `vote_date`) VALUES (207, 'b0d4c52cd5cee3e94168d5af4b2b3af288c971bea6aafa23f85fbcd3853168dd', 3, '2015-07-06');
INSERT INTO vote (`id`, `token`, `vote_type_id`, `vote_date`) VALUES (208, '35a25170754148a39fd27f640502c537db94c4f123faea609c20c802980c050a', 3, '1977-06-23');
INSERT INTO vote (`id`, `token`, `vote_type_id`, `vote_date`) VALUES (209, '8441028892a84aa855335673ff47ab2f685dd61434e323304c4f2d7ac569cee6', 3, '2006-08-27');
INSERT INTO vote (`id`, `token`, `vote_type_id`, `vote_date`) VALUES (210, '87dc5662c78d5880f4b4373b687394da53601caf493544bfa6d1f3223bf88a1d', 1, '1990-12-16');
INSERT INTO vote (`id`, `token`, `vote_type_id`, `vote_date`) VALUES (211, 'dde5d0e14c3a75bc21f9169a08bd6c4d582c0d2b9cf11c27c2b9701abcc2bfec', 2, '1979-09-28');
INSERT INTO vote (`id`, `token`, `vote_type_id`, `vote_date`) VALUES (212, '842244f9629f69e01547c5292fb7e2bb9b3da1165a8c1457322ceb01679bf3c6', 1, '1989-10-20');
INSERT INTO vote (`id`, `token`, `vote_type_id`, `vote_date`) VALUES (213, '97688cba6e7199cb974110371a3bb1a278550c4c6887b3318f968d3df17fd7a2', 2, '1975-03-28');
INSERT INTO vote (`id`, `token`, `vote_type_id`, `vote_date`) VALUES (214, '6c59e036100b31db03a161ce09c309f945afd5708b04f68427467f265d8de39c', 2, '1987-09-10');
INSERT INTO vote (`id`, `token`, `vote_type_id`, `vote_date`) VALUES (215, '1a4fd15f89dd4269deb1596f452266f1910c53808ea7a5e36e27aa1a5dba3593', 1, '1994-11-12');
INSERT INTO vote (`id`, `token`, `vote_type_id`, `vote_date`) VALUES (216, 'bde5a0e31ea6b6ebd99a12ec50cc2d511f87e768018794f0ccf6fb0eb4e9942e', 3, '1979-11-19');
INSERT INTO vote (`id`, `token`, `vote_type_id`, `vote_date`) VALUES (217, '168a09d2891de41e2c2f3826d97e7d2a3ad52e13fcf90fe2c6adb90f9d4a260e', 1, '1976-09-22');
INSERT INTO vote (`id`, `token`, `vote_type_id`, `vote_date`) VALUES (218, '4d1bd9887a9bb50ff5dcb04adb6a318635642e3020d70d045a4019b35fe64949', 1, '1984-08-11');
INSERT INTO vote (`id`, `token`, `vote_type_id`, `vote_date`) VALUES (219, '4edbf772d4cda48999436dc464184cc121c0eeb310a8935a1e15e8238673ab31', 2, '1992-10-26');
INSERT INTO vote (`id`, `token`, `vote_type_id`, `vote_date`) VALUES (220, 'f8387550ce0eea29ac816f3caacebd75bddc288d0589f2aea9b83c54a4f0b3c4', 3, '2010-11-07');
INSERT INTO vote (`id`, `token`, `vote_type_id`, `vote_date`) VALUES (221, '4a679292aef86ac75fbc3673be2cee1906130e69ae88c2ac9ad6bf14c568c264', 3, '2007-09-10');
INSERT INTO vote (`id`, `token`, `vote_type_id`, `vote_date`) VALUES (222, 'd066b09425c9194e7490bc7df009c73fb920804d5df904d3cbbe0fd44d7809a0', 3, '1989-05-15');
INSERT INTO vote (`id`, `token`, `vote_type_id`, `vote_date`) VALUES (223, '1fe005ed232566ae63881e04031e1faf857a9747204d772055410689cfaf3e5a', 1, '2004-10-11');
INSERT INTO vote (`id`, `token`, `vote_type_id`, `vote_date`) VALUES (224, 'cdc26a59c24a483f7f581fda807cf20ed8fde4a2eb51b6318ffbd9e26bdefd6b', 1, '1975-09-01');
INSERT INTO vote (`id`, `token`, `vote_type_id`, `vote_date`) VALUES (225, '0fa6e7c97cfc51d8fbed570d52f9010fd4f5151eddddd7d4502de0420d0117c2', 3, '2006-06-14');
INSERT INTO vote (`id`, `token`, `vote_type_id`, `vote_date`) VALUES (226, 'cbaa16915bc340c7c70930e5f351d9c27e7951cd1cd9ede58c06eb7f6abd7ac8', 1, '1979-05-27');
INSERT INTO vote (`id`, `token`, `vote_type_id`, `vote_date`) VALUES (227, 'b16f7a193748f12c54e18e11e5b1a74fa0c5397154eaacf447c67b87e9d057b1', 2, '1973-04-29');
INSERT INTO vote (`id`, `token`, `vote_type_id`, `vote_date`) VALUES (228, '23e2c9f5ac702183094c55656efe4fbf41131901ec4da5c2b359dab103b27fa5', 1, '1981-08-18');
INSERT INTO vote (`id`, `token`, `vote_type_id`, `vote_date`) VALUES (229, '8d5bcae2ea2cae1c18a85d33d4582187e173b4ae29b6c67ea5e48cbb92bf9303', 1, '2015-01-07');
INSERT INTO vote (`id`, `token`, `vote_type_id`, `vote_date`) VALUES (230, '5788402d9d6c15073081bb9b7a07b45d353fca83e2d1c5449c9817e90786d5d5', 1, '1990-04-11');
INSERT INTO vote (`id`, `token`, `vote_type_id`, `vote_date`) VALUES (231, 'f709fb8d7a6f0fbdbc475011e58c1c653a2d2f4a16f21d3d39f8a949fd66365d', 2, '1985-05-04');
INSERT INTO vote (`id`, `token`, `vote_type_id`, `vote_date`) VALUES (232, 'c300a14c939b8516a1eaf166d1faf802acd9a4fde037bcfc18b5f123c50ae026', 1, '2016-02-18');
INSERT INTO vote (`id`, `token`, `vote_type_id`, `vote_date`) VALUES (233, '71cba33f7dc6c9acaac83256a8197fa5e816e36a08c3cf3e92ea634144e5d56d', 1, '1998-05-02');
INSERT INTO vote (`id`, `token`, `vote_type_id`, `vote_date`) VALUES (234, '186fac2b13279bb42558f4c8a0a3de8164b3c823bdaba9009b350f2fe34e86a5', 2, '1985-06-01');
INSERT INTO vote (`id`, `token`, `vote_type_id`, `vote_date`) VALUES (235, '120c4d26cd4a029b8e0cb69c003d3372794f682e779498a76a36c2fba7f0fee8', 1, '1971-02-20');
INSERT INTO vote (`id`, `token`, `vote_type_id`, `vote_date`) VALUES (236, '1b4a67b2661badcb7d2a4060cd3f6b9c0f4255d576c6603ba932a7024c83d65a', 2, '2014-01-19');
INSERT INTO vote (`id`, `token`, `vote_type_id`, `vote_date`) VALUES (237, '9ca0fa36ec593e9b6025f0efa98727262513685e94d5dfdc07f70a980bff6d7c', 3, '2012-07-01');
INSERT INTO vote (`id`, `token`, `vote_type_id`, `vote_date`) VALUES (238, 'cada46e1070453eb63200cdad0e98db414e86a06135d620ec90385c5976a7c74', 3, '1970-01-10');
INSERT INTO vote (`id`, `token`, `vote_type_id`, `vote_date`) VALUES (239, '8b4198ef2a610c02facad64c32e4fff504c5c9a68f1e38889cfacb6d544be3f7', 1, '2006-01-22');
INSERT INTO vote (`id`, `token`, `vote_type_id`, `vote_date`) VALUES (240, 'f224edacf188df2c1bdcc38a985ba7f1ca3446b3b089e2282aca8d3e31f198d8', 3, '2013-07-26');
INSERT INTO vote (`id`, `token`, `vote_type_id`, `vote_date`) VALUES (241, 'dc1bc51e2bac6c1dff1f268b2c90d2fa9044cf1480699d1f22cc9d2e9f2dc0d9', 1, '1992-09-09');
INSERT INTO vote (`id`, `token`, `vote_type_id`, `vote_date`) VALUES (242, 'a8543e6bc419a051a22591ea338e807a2df7fe45d6adbe6464d10444142a1fd1', 3, '1973-11-25');
INSERT INTO vote (`id`, `token`, `vote_type_id`, `vote_date`) VALUES (243, '78b51906eadcf9c5156a2c2377a57c8b2b7272ee11f4d742e68593d456822922', 1, '2002-09-15');
INSERT INTO vote (`id`, `token`, `vote_type_id`, `vote_date`) VALUES (244, '42c3a33885f29186eb47399ea319b5591e6933f60ec2de236a9c665f454d6f40', 2, '1975-10-08');
INSERT INTO vote (`id`, `token`, `vote_type_id`, `vote_date`) VALUES (245, '3a8437bfdd76c3c9524621464faff3253348ed09951831ecf8d0e03ff6a239f2', 2, '2007-01-25');
INSERT INTO vote (`id`, `token`, `vote_type_id`, `vote_date`) VALUES (246, 'dc089c28b52c0754ae61b988be4319e7499adaf0b073451c183884ec9526538c', 2, '1997-08-07');
INSERT INTO vote (`id`, `token`, `vote_type_id`, `vote_date`) VALUES (247, 'f198935345a3cfe1a9cb986db74838412c3746e483ad8b363f5cfa782de1cc7c', 2, '2003-06-21');
INSERT INTO vote (`id`, `token`, `vote_type_id`, `vote_date`) VALUES (248, '2a8e78fc7983f3e4a6ae2bb4dc8b7c1ebe5b87050add21a8940cc7c87ec7a03b', 2, '1971-08-21');
INSERT INTO vote (`id`, `token`, `vote_type_id`, `vote_date`) VALUES (249, '9b8f1191b7a176d41075de0f5815fb6ab7ad5351aabd6f07227c4ece20ff5549', 2, '1971-12-05');
INSERT INTO vote (`id`, `token`, `vote_type_id`, `vote_date`) VALUES (250, '1b3a53b8130c74939389cb7a9dabf06834d5890dd696a4c56813fea4bb1d49fa', 3, '2007-11-09');
INSERT INTO vote (`id`, `token`, `vote_type_id`, `vote_date`) VALUES (251, '72523bbd348ced60997743f89219e6516c5ca43a972545193b1af0f36ebb95a8', 2, '2014-06-07');
INSERT INTO vote (`id`, `token`, `vote_type_id`, `vote_date`) VALUES (252, '476237f6297ea103a0964fbb0b86640e94634d29449cb8d3c91c3f51d8d43bbc', 2, '2016-02-13');
INSERT INTO vote (`id`, `token`, `vote_type_id`, `vote_date`) VALUES (253, 'dc1b7f524e284785dc0a65c63c8ded8cb2c5ff1f6adca1ae1f6c8b78db46ed88', 3, '1982-07-21');
INSERT INTO vote (`id`, `token`, `vote_type_id`, `vote_date`) VALUES (254, 'f40cc0c6038a28c9ab083762d40a7a8c2d0056bc5fc85f605083b5c6513a4a4b', 3, '1992-04-08');
INSERT INTO vote (`id`, `token`, `vote_type_id`, `vote_date`) VALUES (255, '15fb5d446c6c536b35fa55137c1cf50121f47c679f4f3287c5b111754d13d38e', 2, '1975-01-17');
INSERT INTO vote (`id`, `token`, `vote_type_id`, `vote_date`) VALUES (256, '33ca9d564c7145d6e192c94b365b1de0d28a4b3913464ba6270645f467e0af99', 3, '2011-10-29');
INSERT INTO vote (`id`, `token`, `vote_type_id`, `vote_date`) VALUES (257, 'ef97eefe778b925986648095a5f3a688a9ce11d293d0509edd37ff9b25293b6d', 3, '2001-06-04');
INSERT INTO vote (`id`, `token`, `vote_type_id`, `vote_date`) VALUES (258, '3a548b0942642c0d573b0b3b16a0dfd4e8d36643f22180fbaa4fed30f05ea2e2', 3, '1995-09-04');
INSERT INTO vote (`id`, `token`, `vote_type_id`, `vote_date`) VALUES (259, 'e0ceece9b005157958c7f346da805209588a9d887c4009ecf60e9b446170b311', 1, '1979-11-09');
INSERT INTO vote (`id`, `token`, `vote_type_id`, `vote_date`) VALUES (260, '054f9c6151a7af471854708e363de41dd27c9a752bbc2bc0d3b9b44676a3c6f7', 3, '2015-05-01');
INSERT INTO vote (`id`, `token`, `vote_type_id`, `vote_date`) VALUES (261, 'eba493637973794ca344456b545f33e11e7adbc560cdc406c533ed56b8a0003f', 1, '2000-11-08');
INSERT INTO vote (`id`, `token`, `vote_type_id`, `vote_date`) VALUES (262, 'd4a533d493a3160358b292df225c9c32e28f0bcf2f082f901f85821a9f32a5d3', 2, '1985-05-03');
INSERT INTO vote (`id`, `token`, `vote_type_id`, `vote_date`) VALUES (263, 'aa5edbba7a114417b9e62b4b1a21d33ea8ba9f8e8537634d0f1d5dd207fdec9f', 1, '1988-03-06');
INSERT INTO vote (`id`, `token`, `vote_type_id`, `vote_date`) VALUES (264, '0c441a81fbb185bed028f958329310cc4b93277e88aa54238a2e4e6030c29253', 2, '2017-08-10');
INSERT INTO vote (`id`, `token`, `vote_type_id`, `vote_date`) VALUES (265, 'c668aaa54d9f8777e691d2cc0a24e655f11ae5e3af20bffd021007a782910a0f', 3, '2011-09-20');
INSERT INTO vote (`id`, `token`, `vote_type_id`, `vote_date`) VALUES (266, 'c4802de0229a44d8a0a5e1c4c83a27225538b72f4853c5858c7f78a8331a80ef', 1, '1978-03-04');
INSERT INTO vote (`id`, `token`, `vote_type_id`, `vote_date`) VALUES (267, 'daf03ad21cad056ff5ce2a7f70c6a7d142642ec1a77484906295be6ec25a3cfd', 1, '1989-01-03');
INSERT INTO vote (`id`, `token`, `vote_type_id`, `vote_date`) VALUES (268, '632260a08a2ac9d842a2d9e34126d070b3b1272d1d630d1248c658e547060ab1', 3, '2000-08-26');
INSERT INTO vote (`id`, `token`, `vote_type_id`, `vote_date`) VALUES (269, 'a4daca0fff397c8872185b51ced1fb674cdef8487b1c4f25ec6f2cd986f0d039', 1, '1993-11-08');
INSERT INTO vote (`id`, `token`, `vote_type_id`, `vote_date`) VALUES (270, '33fb2d4e35e6a0b49e3c7100007a4117856c2ac74cce946296a1fad8e2866ca6', 1, '1977-04-19');
INSERT INTO vote (`id`, `token`, `vote_type_id`, `vote_date`) VALUES (271, '6b463369cbdd91b206af51d942f30c41ace429ca9430d7264f6e0554721509b5', 2, '1970-10-25');
INSERT INTO vote (`id`, `token`, `vote_type_id`, `vote_date`) VALUES (272, 'cd11bdf9c3164de176b315ddbd37e10b91452ac134ccdba4c8ab85ef977d3850', 1, '1981-10-14');
INSERT INTO vote (`id`, `token`, `vote_type_id`, `vote_date`) VALUES (273, '058ad2d3bb1a09df52a95e0fa3bfd05eb5496e9a02840a1db5a1bbdb17dd49a0', 1, '1977-06-03');
INSERT INTO vote (`id`, `token`, `vote_type_id`, `vote_date`) VALUES (274, 'dc81967313aba32a789752bdeb73cbe87f2cee4ddb9422c219a613881531eca6', 3, '2014-11-20');
INSERT INTO vote (`id`, `token`, `vote_type_id`, `vote_date`) VALUES (275, '82f479a4141a46be914680d4df5ebfb61488e3ceba24284c343d021726ad5f93', 3, '2008-08-10');
INSERT INTO vote (`id`, `token`, `vote_type_id`, `vote_date`) VALUES (276, 'bbe2695d1f124839625c10e15effb3c159fd03a1c662880dd8b821f37a40e7ed', 2, '2012-01-01');
INSERT INTO vote (`id`, `token`, `vote_type_id`, `vote_date`) VALUES (277, 'da9f2d6fdc2699c240e837b05328410ff34e7a4373c6de6046a38df9a8a28d5d', 1, '1995-10-08');
INSERT INTO vote (`id`, `token`, `vote_type_id`, `vote_date`) VALUES (278, 'a2304b4b57b72092c95ce00cceaee86f3dd7c5d3f95b718c7bda5727c01bf15b', 1, '1998-09-08');
INSERT INTO vote (`id`, `token`, `vote_type_id`, `vote_date`) VALUES (279, '359331795d08ba4e8cd067fb772fe6a64cbb3e60a5db503d46b3ea3e4ab39486', 1, '1981-05-06');
INSERT INTO vote (`id`, `token`, `vote_type_id`, `vote_date`) VALUES (280, '763632fde925dfaceb29af247fe5a8c00d8cc33a7f3bd23b7be8fd4b1a5ccde7', 2, '2017-10-05');
INSERT INTO vote (`id`, `token`, `vote_type_id`, `vote_date`) VALUES (281, '867c4f9eedfdc33d2a9d444194c2452f01334e8cdc0985c40cc1cf4cc73b553e', 1, '2003-04-28');
INSERT INTO vote (`id`, `token`, `vote_type_id`, `vote_date`) VALUES (282, '88e1f2264f33f25c3e0056d369f75394e559123266968505b1726f3d8e1fa62d', 3, '2002-04-05');
INSERT INTO vote (`id`, `token`, `vote_type_id`, `vote_date`) VALUES (283, 'd663ae94b001cde72261a60175c74cc5c00f4b008540ec4a25a5a995004088ed', 3, '1973-08-31');
INSERT INTO vote (`id`, `token`, `vote_type_id`, `vote_date`) VALUES (284, 'ea69fcf58517f6a2492e414566ef27ace8c60e8aa72357f61fc868f7867f6f04', 1, '1978-01-12');
INSERT INTO vote (`id`, `token`, `vote_type_id`, `vote_date`) VALUES (285, 'eed112be0bc011abb93015afb58b5254fbecf41796ccb2e00518880cf13da83e', 2, '1993-09-13');
INSERT INTO vote (`id`, `token`, `vote_type_id`, `vote_date`) VALUES (286, '556710ec74c7d973db98c1ae033fd1283afa69a37af3f29c04bdab486d8604f6', 2, '1982-01-23');
INSERT INTO vote (`id`, `token`, `vote_type_id`, `vote_date`) VALUES (287, '726371c9546a1a737e633b7ef7ddf3a572cf1bb13c421b9934efa16f631fa862', 3, '2008-08-06');
INSERT INTO vote (`id`, `token`, `vote_type_id`, `vote_date`) VALUES (288, '7de5d0732c05a8d59461e446591307fb645920cfcfadfc714fa3d3d2cd070993', 2, '2016-03-15');
INSERT INTO vote (`id`, `token`, `vote_type_id`, `vote_date`) VALUES (289, 'fc4fec70c98c459539b2796635e3ee44a7772b259b8e09b1dbfdb3c74bd48f45', 2, '1996-11-13');
INSERT INTO vote (`id`, `token`, `vote_type_id`, `vote_date`) VALUES (290, '13c0fb241d6006c2811c5204b0cda7c0fd04d6b3c78576c165c538e9bbbe7c79', 3, '2017-02-08');
INSERT INTO vote (`id`, `token`, `vote_type_id`, `vote_date`) VALUES (291, 'd6b80f430fdca6913968c9c9381776c00e431552be2e25e5b80fcaf039700e22', 2, '1994-05-06');
INSERT INTO vote (`id`, `token`, `vote_type_id`, `vote_date`) VALUES (292, '79a6f3a6d1a2975acea1824854c49488a4034c1e984e7d2edfa2e6fb99e85325', 2, '1972-05-28');
INSERT INTO vote (`id`, `token`, `vote_type_id`, `vote_date`) VALUES (293, 'dec4d726af5b86ee45eabae32df619e1b6b7eff7da327ed7bed50d85894a1292', 2, '2000-02-02');
INSERT INTO vote (`id`, `token`, `vote_type_id`, `vote_date`) VALUES (294, 'e13c940bdff40a4f5bab6b1969cdde48f570899b848be8e4d5700d254473cafd', 2, '1990-08-25');
INSERT INTO vote (`id`, `token`, `vote_type_id`, `vote_date`) VALUES (295, '0803bc9e137833ec7ab2c24f37bff23bc5f42dc354c10e36eae2798419686c0f', 3, '1987-12-25');
INSERT INTO vote (`id`, `token`, `vote_type_id`, `vote_date`) VALUES (296, 'f1c8bf728dc118da785df826f5299375bd78894a6d6bd69ae46b9bde0bff92f8', 1, '2011-05-01');
INSERT INTO vote (`id`, `token`, `vote_type_id`, `vote_date`) VALUES (297, '1f611a2ec55fe685351d9441692f6d788c9707e5d16d9c8fbea4eaba7953d006', 2, '1976-03-19');
INSERT INTO vote (`id`, `token`, `vote_type_id`, `vote_date`) VALUES (298, 'd742ac404c8ab7d9f69183a9670aeba68e227ca772164e11a969b43de8c81556', 3, '2012-10-14');
INSERT INTO vote (`id`, `token`, `vote_type_id`, `vote_date`) VALUES (299, '66ecc41d25a1a2842b362f0b661941ddf0d4068b49bf54e4587779d2dceacc38', 1, '1975-12-20');
INSERT INTO vote (`id`, `token`, `vote_type_id`, `vote_date`) VALUES (300, 'aff765bd41030e5213e1420ed55bba59cb274d08178296b86a269e22fc087e7c', 3, '2003-09-28');



#OptionPerVote



INSERT INTO option_per_vote (`id`, `vote_id`, `question_option_id`) VALUES (1, 126, 36);
INSERT INTO option_per_vote (`id`, `vote_id`, `question_option_id`) VALUES (2, 45, 29);
INSERT INTO option_per_vote (`id`, `vote_id`, `question_option_id`) VALUES (3, 113, 67);
INSERT INTO option_per_vote (`id`, `vote_id`, `question_option_id`) VALUES (4, 72, 30);
INSERT INTO option_per_vote (`id`, `vote_id`, `question_option_id`) VALUES (5, 65, 43);
INSERT INTO option_per_vote (`id`, `vote_id`, `question_option_id`) VALUES (6, 223, 22);
INSERT INTO option_per_vote (`id`, `vote_id`, `question_option_id`) VALUES (7, 149, 21);
INSERT INTO option_per_vote (`id`, `vote_id`, `question_option_id`) VALUES (8, 241, 27);
INSERT INTO option_per_vote (`id`, `vote_id`, `question_option_id`) VALUES (9, 19, 64);
INSERT INTO option_per_vote (`id`, `vote_id`, `question_option_id`) VALUES (10, 241, 9);
INSERT INTO option_per_vote (`id`, `vote_id`, `question_option_id`) VALUES (11, 206, 68);
INSERT INTO option_per_vote (`id`, `vote_id`, `question_option_id`) VALUES (12, 137, 7);
INSERT INTO option_per_vote (`id`, `vote_id`, `question_option_id`) VALUES (13, 108, 36);
INSERT INTO option_per_vote (`id`, `vote_id`, `question_option_id`) VALUES (14, 104, 74);
INSERT INTO option_per_vote (`id`, `vote_id`, `question_option_id`) VALUES (15, 169, 59);
INSERT INTO option_per_vote (`id`, `vote_id`, `question_option_id`) VALUES (16, 22, 100);
INSERT INTO option_per_vote (`id`, `vote_id`, `question_option_id`) VALUES (17, 42, 7);
INSERT INTO option_per_vote (`id`, `vote_id`, `question_option_id`) VALUES (18, 207, 86);
INSERT INTO option_per_vote (`id`, `vote_id`, `question_option_id`) VALUES (19, 57, 93);
INSERT INTO option_per_vote (`id`, `vote_id`, `question_option_id`) VALUES (20, 233, 19);
INSERT INTO option_per_vote (`id`, `vote_id`, `question_option_id`) VALUES (21, 70, 12);
INSERT INTO option_per_vote (`id`, `vote_id`, `question_option_id`) VALUES (22, 8, 89);
INSERT INTO option_per_vote (`id`, `vote_id`, `question_option_id`) VALUES (23, 280, 79);
INSERT INTO option_per_vote (`id`, `vote_id`, `question_option_id`) VALUES (24, 291, 20);
INSERT INTO option_per_vote (`id`, `vote_id`, `question_option_id`) VALUES (25, 175, 32);
INSERT INTO option_per_vote (`id`, `vote_id`, `question_option_id`) VALUES (26, 184, 16);
INSERT INTO option_per_vote (`id`, `vote_id`, `question_option_id`) VALUES (27, 121, 37);
INSERT INTO option_per_vote (`id`, `vote_id`, `question_option_id`) VALUES (28, 195, 71);
INSERT INTO option_per_vote (`id`, `vote_id`, `question_option_id`) VALUES (29, 164, 53);
INSERT INTO option_per_vote (`id`, `vote_id`, `question_option_id`) VALUES (30, 81, 75);
INSERT INTO option_per_vote (`id`, `vote_id`, `question_option_id`) VALUES (31, 222, 47);
INSERT INTO option_per_vote (`id`, `vote_id`, `question_option_id`) VALUES (32, 53, 5);
INSERT INTO option_per_vote (`id`, `vote_id`, `question_option_id`) VALUES (33, 215, 99);
INSERT INTO option_per_vote (`id`, `vote_id`, `question_option_id`) VALUES (34, 173, 93);
INSERT INTO option_per_vote (`id`, `vote_id`, `question_option_id`) VALUES (35, 246, 47);
INSERT INTO option_per_vote (`id`, `vote_id`, `question_option_id`) VALUES (36, 98, 44);
INSERT INTO option_per_vote (`id`, `vote_id`, `question_option_id`) VALUES (37, 295, 87);
INSERT INTO option_per_vote (`id`, `vote_id`, `question_option_id`) VALUES (38, 268, 99);
INSERT INTO option_per_vote (`id`, `vote_id`, `question_option_id`) VALUES (39, 80, 91);
INSERT INTO option_per_vote (`id`, `vote_id`, `question_option_id`) VALUES (40, 286, 91);
INSERT INTO option_per_vote (`id`, `vote_id`, `question_option_id`) VALUES (41, 206, 41);
INSERT INTO option_per_vote (`id`, `vote_id`, `question_option_id`) VALUES (42, 53, 51);
INSERT INTO option_per_vote (`id`, `vote_id`, `question_option_id`) VALUES (43, 191, 8);
INSERT INTO option_per_vote (`id`, `vote_id`, `question_option_id`) VALUES (44, 263, 10);
INSERT INTO option_per_vote (`id`, `vote_id`, `question_option_id`) VALUES (45, 258, 48);
INSERT INTO option_per_vote (`id`, `vote_id`, `question_option_id`) VALUES (46, 142, 96);
INSERT INTO option_per_vote (`id`, `vote_id`, `question_option_id`) VALUES (47, 159, 96);
INSERT INTO option_per_vote (`id`, `vote_id`, `question_option_id`) VALUES (48, 179, 10);
INSERT INTO option_per_vote (`id`, `vote_id`, `question_option_id`) VALUES (49, 155, 1);
INSERT INTO option_per_vote (`id`, `vote_id`, `question_option_id`) VALUES (50, 72, 21);
INSERT INTO option_per_vote (`id`, `vote_id`, `question_option_id`) VALUES (51, 168, 41);
INSERT INTO option_per_vote (`id`, `vote_id`, `question_option_id`) VALUES (52, 138, 2);
INSERT INTO option_per_vote (`id`, `vote_id`, `question_option_id`) VALUES (53, 285, 21);
INSERT INTO option_per_vote (`id`, `vote_id`, `question_option_id`) VALUES (54, 117, 27);
INSERT INTO option_per_vote (`id`, `vote_id`, `question_option_id`) VALUES (55, 57, 23);
INSERT INTO option_per_vote (`id`, `vote_id`, `question_option_id`) VALUES (56, 5, 4);
INSERT INTO option_per_vote (`id`, `vote_id`, `question_option_id`) VALUES (57, 287, 76);
INSERT INTO option_per_vote (`id`, `vote_id`, `question_option_id`) VALUES (58, 7, 60);
INSERT INTO option_per_vote (`id`, `vote_id`, `question_option_id`) VALUES (59, 15, 97);
INSERT INTO option_per_vote (`id`, `vote_id`, `question_option_id`) VALUES (60, 271, 24);
INSERT INTO option_per_vote (`id`, `vote_id`, `question_option_id`) VALUES (61, 16, 87);
INSERT INTO option_per_vote (`id`, `vote_id`, `question_option_id`) VALUES (62, 164, 62);
INSERT INTO option_per_vote (`id`, `vote_id`, `question_option_id`) VALUES (63, 1, 27);
INSERT INTO option_per_vote (`id`, `vote_id`, `question_option_id`) VALUES (64, 267, 65);
INSERT INTO option_per_vote (`id`, `vote_id`, `question_option_id`) VALUES (65, 110, 51);
INSERT INTO option_per_vote (`id`, `vote_id`, `question_option_id`) VALUES (66, 269, 93);
INSERT INTO option_per_vote (`id`, `vote_id`, `question_option_id`) VALUES (67, 205, 43);
INSERT INTO option_per_vote (`id`, `vote_id`, `question_option_id`) VALUES (68, 129, 86);
INSERT INTO option_per_vote (`id`, `vote_id`, `question_option_id`) VALUES (69, 213, 4);
INSERT INTO option_per_vote (`id`, `vote_id`, `question_option_id`) VALUES (70, 246, 5);
INSERT INTO option_per_vote (`id`, `vote_id`, `question_option_id`) VALUES (71, 75, 67);
INSERT INTO option_per_vote (`id`, `vote_id`, `question_option_id`) VALUES (72, 252, 58);
INSERT INTO option_per_vote (`id`, `vote_id`, `question_option_id`) VALUES (73, 35, 4);
INSERT INTO option_per_vote (`id`, `vote_id`, `question_option_id`) VALUES (74, 260, 27);
INSERT INTO option_per_vote (`id`, `vote_id`, `question_option_id`) VALUES (75, 239, 45);
INSERT INTO option_per_vote (`id`, `vote_id`, `question_option_id`) VALUES (76, 18, 24);
INSERT INTO option_per_vote (`id`, `vote_id`, `question_option_id`) VALUES (77, 30, 33);
INSERT INTO option_per_vote (`id`, `vote_id`, `question_option_id`) VALUES (78, 172, 75);
INSERT INTO option_per_vote (`id`, `vote_id`, `question_option_id`) VALUES (79, 255, 74);
INSERT INTO option_per_vote (`id`, `vote_id`, `question_option_id`) VALUES (80, 223, 18);
INSERT INTO option_per_vote (`id`, `vote_id`, `question_option_id`) VALUES (81, 177, 42);
INSERT INTO option_per_vote (`id`, `vote_id`, `question_option_id`) VALUES (82, 37, 7);
INSERT INTO option_per_vote (`id`, `vote_id`, `question_option_id`) VALUES (83, 23, 60);
INSERT INTO option_per_vote (`id`, `vote_id`, `question_option_id`) VALUES (84, 288, 45);
INSERT INTO option_per_vote (`id`, `vote_id`, `question_option_id`) VALUES (85, 153, 13);
INSERT INTO option_per_vote (`id`, `vote_id`, `question_option_id`) VALUES (86, 208, 39);
INSERT INTO option_per_vote (`id`, `vote_id`, `question_option_id`) VALUES (87, 193, 12);
INSERT INTO option_per_vote (`id`, `vote_id`, `question_option_id`) VALUES (88, 15, 64);
INSERT INTO option_per_vote (`id`, `vote_id`, `question_option_id`) VALUES (89, 134, 24);
INSERT INTO option_per_vote (`id`, `vote_id`, `question_option_id`) VALUES (90, 268, 16);
INSERT INTO option_per_vote (`id`, `vote_id`, `question_option_id`) VALUES (91, 217, 83);
INSERT INTO option_per_vote (`id`, `vote_id`, `question_option_id`) VALUES (92, 69, 99);
INSERT INTO option_per_vote (`id`, `vote_id`, `question_option_id`) VALUES (93, 210, 8);
INSERT INTO option_per_vote (`id`, `vote_id`, `question_option_id`) VALUES (94, 20, 68);
INSERT INTO option_per_vote (`id`, `vote_id`, `question_option_id`) VALUES (95, 98, 32);
INSERT INTO option_per_vote (`id`, `vote_id`, `question_option_id`) VALUES (96, 247, 69);
INSERT INTO option_per_vote (`id`, `vote_id`, `question_option_id`) VALUES (97, 140, 69);
INSERT INTO option_per_vote (`id`, `vote_id`, `question_option_id`) VALUES (98, 91, 12);
INSERT INTO option_per_vote (`id`, `vote_id`, `question_option_id`) VALUES (99, 180, 78);
INSERT INTO option_per_vote (`id`, `vote_id`, `question_option_id`) VALUES (100, 107, 37);
INSERT INTO option_per_vote (`id`, `vote_id`, `question_option_id`) VALUES (101, 8, 20);
INSERT INTO option_per_vote (`id`, `vote_id`, `question_option_id`) VALUES (102, 283, 73);
INSERT INTO option_per_vote (`id`, `vote_id`, `question_option_id`) VALUES (103, 175, 6);
INSERT INTO option_per_vote (`id`, `vote_id`, `question_option_id`) VALUES (104, 105, 34);
INSERT INTO option_per_vote (`id`, `vote_id`, `question_option_id`) VALUES (105, 277, 95);
INSERT INTO option_per_vote (`id`, `vote_id`, `question_option_id`) VALUES (106, 111, 57);
INSERT INTO option_per_vote (`id`, `vote_id`, `question_option_id`) VALUES (107, 87, 73);
INSERT INTO option_per_vote (`id`, `vote_id`, `question_option_id`) VALUES (108, 179, 20);
INSERT INTO option_per_vote (`id`, `vote_id`, `question_option_id`) VALUES (109, 153, 33);
INSERT INTO option_per_vote (`id`, `vote_id`, `question_option_id`) VALUES (110, 189, 91);
INSERT INTO option_per_vote (`id`, `vote_id`, `question_option_id`) VALUES (111, 147, 77);
INSERT INTO option_per_vote (`id`, `vote_id`, `question_option_id`) VALUES (112, 253, 83);
INSERT INTO option_per_vote (`id`, `vote_id`, `question_option_id`) VALUES (113, 121, 61);
INSERT INTO option_per_vote (`id`, `vote_id`, `question_option_id`) VALUES (114, 170, 6);
INSERT INTO option_per_vote (`id`, `vote_id`, `question_option_id`) VALUES (115, 112, 93);
INSERT INTO option_per_vote (`id`, `vote_id`, `question_option_id`) VALUES (116, 30, 19);
INSERT INTO option_per_vote (`id`, `vote_id`, `question_option_id`) VALUES (117, 287, 34);
INSERT INTO option_per_vote (`id`, `vote_id`, `question_option_id`) VALUES (118, 26, 12);
INSERT INTO option_per_vote (`id`, `vote_id`, `question_option_id`) VALUES (119, 43, 82);
INSERT INTO option_per_vote (`id`, `vote_id`, `question_option_id`) VALUES (120, 199, 34);
INSERT INTO option_per_vote (`id`, `vote_id`, `question_option_id`) VALUES (121, 238, 34);
INSERT INTO option_per_vote (`id`, `vote_id`, `question_option_id`) VALUES (122, 237, 37);
INSERT INTO option_per_vote (`id`, `vote_id`, `question_option_id`) VALUES (123, 231, 23);
INSERT INTO option_per_vote (`id`, `vote_id`, `question_option_id`) VALUES (124, 39, 90);
INSERT INTO option_per_vote (`id`, `vote_id`, `question_option_id`) VALUES (125, 23, 45);
INSERT INTO option_per_vote (`id`, `vote_id`, `question_option_id`) VALUES (126, 51, 41);
INSERT INTO option_per_vote (`id`, `vote_id`, `question_option_id`) VALUES (127, 79, 56);
INSERT INTO option_per_vote (`id`, `vote_id`, `question_option_id`) VALUES (128, 173, 96);
INSERT INTO option_per_vote (`id`, `vote_id`, `question_option_id`) VALUES (129, 44, 26);
INSERT INTO option_per_vote (`id`, `vote_id`, `question_option_id`) VALUES (130, 188, 11);
INSERT INTO option_per_vote (`id`, `vote_id`, `question_option_id`) VALUES (131, 25, 32);
INSERT INTO option_per_vote (`id`, `vote_id`, `question_option_id`) VALUES (132, 271, 94);
INSERT INTO option_per_vote (`id`, `vote_id`, `question_option_id`) VALUES (133, 270, 100);
INSERT INTO option_per_vote (`id`, `vote_id`, `question_option_id`) VALUES (134, 166, 53);
INSERT INTO option_per_vote (`id`, `vote_id`, `question_option_id`) VALUES (135, 142, 90);
INSERT INTO option_per_vote (`id`, `vote_id`, `question_option_id`) VALUES (136, 32, 88);
INSERT INTO option_per_vote (`id`, `vote_id`, `question_option_id`) VALUES (137, 98, 99);
INSERT INTO option_per_vote (`id`, `vote_id`, `question_option_id`) VALUES (138, 115, 34);
INSERT INTO option_per_vote (`id`, `vote_id`, `question_option_id`) VALUES (139, 84, 85);
INSERT INTO option_per_vote (`id`, `vote_id`, `question_option_id`) VALUES (140, 112, 54);
INSERT INTO option_per_vote (`id`, `vote_id`, `question_option_id`) VALUES (141, 108, 2);
INSERT INTO option_per_vote (`id`, `vote_id`, `question_option_id`) VALUES (142, 276, 9);
INSERT INTO option_per_vote (`id`, `vote_id`, `question_option_id`) VALUES (143, 156, 36);
INSERT INTO option_per_vote (`id`, `vote_id`, `question_option_id`) VALUES (144, 73, 96);
INSERT INTO option_per_vote (`id`, `vote_id`, `question_option_id`) VALUES (145, 194, 99);
INSERT INTO option_per_vote (`id`, `vote_id`, `question_option_id`) VALUES (146, 37, 38);
INSERT INTO option_per_vote (`id`, `vote_id`, `question_option_id`) VALUES (147, 214, 98);
INSERT INTO option_per_vote (`id`, `vote_id`, `question_option_id`) VALUES (148, 216, 96);
INSERT INTO option_per_vote (`id`, `vote_id`, `question_option_id`) VALUES (149, 17, 40);
INSERT INTO option_per_vote (`id`, `vote_id`, `question_option_id`) VALUES (150, 212, 84);
INSERT INTO option_per_vote (`id`, `vote_id`, `question_option_id`) VALUES (151, 176, 32);
INSERT INTO option_per_vote (`id`, `vote_id`, `question_option_id`) VALUES (152, 228, 24);
INSERT INTO option_per_vote (`id`, `vote_id`, `question_option_id`) VALUES (153, 227, 26);
INSERT INTO option_per_vote (`id`, `vote_id`, `question_option_id`) VALUES (154, 14, 53);
INSERT INTO option_per_vote (`id`, `vote_id`, `question_option_id`) VALUES (155, 214, 19);
INSERT INTO option_per_vote (`id`, `vote_id`, `question_option_id`) VALUES (156, 126, 35);
INSERT INTO option_per_vote (`id`, `vote_id`, `question_option_id`) VALUES (157, 289, 92);
INSERT INTO option_per_vote (`id`, `vote_id`, `question_option_id`) VALUES (158, 195, 82);
INSERT INTO option_per_vote (`id`, `vote_id`, `question_option_id`) VALUES (159, 244, 81);
INSERT INTO option_per_vote (`id`, `vote_id`, `question_option_id`) VALUES (160, 30, 77);
INSERT INTO option_per_vote (`id`, `vote_id`, `question_option_id`) VALUES (161, 244, 16);
INSERT INTO option_per_vote (`id`, `vote_id`, `question_option_id`) VALUES (162, 30, 84);
INSERT INTO option_per_vote (`id`, `vote_id`, `question_option_id`) VALUES (163, 101, 79);
INSERT INTO option_per_vote (`id`, `vote_id`, `question_option_id`) VALUES (164, 64, 52);
INSERT INTO option_per_vote (`id`, `vote_id`, `question_option_id`) VALUES (165, 60, 4);
INSERT INTO option_per_vote (`id`, `vote_id`, `question_option_id`) VALUES (166, 286, 46);
INSERT INTO option_per_vote (`id`, `vote_id`, `question_option_id`) VALUES (167, 218, 38);
INSERT INTO option_per_vote (`id`, `vote_id`, `question_option_id`) VALUES (168, 223, 11);
INSERT INTO option_per_vote (`id`, `vote_id`, `question_option_id`) VALUES (169, 268, 3);
INSERT INTO option_per_vote (`id`, `vote_id`, `question_option_id`) VALUES (170, 165, 60);
INSERT INTO option_per_vote (`id`, `vote_id`, `question_option_id`) VALUES (171, 72, 5);
INSERT INTO option_per_vote (`id`, `vote_id`, `question_option_id`) VALUES (172, 212, 27);
INSERT INTO option_per_vote (`id`, `vote_id`, `question_option_id`) VALUES (173, 80, 23);
INSERT INTO option_per_vote (`id`, `vote_id`, `question_option_id`) VALUES (174, 200, 63);
INSERT INTO option_per_vote (`id`, `vote_id`, `question_option_id`) VALUES (175, 83, 8);
INSERT INTO option_per_vote (`id`, `vote_id`, `question_option_id`) VALUES (176, 146, 63);
INSERT INTO option_per_vote (`id`, `vote_id`, `question_option_id`) VALUES (177, 36, 60);
INSERT INTO option_per_vote (`id`, `vote_id`, `question_option_id`) VALUES (178, 172, 84);
INSERT INTO option_per_vote (`id`, `vote_id`, `question_option_id`) VALUES (179, 156, 71);
INSERT INTO option_per_vote (`id`, `vote_id`, `question_option_id`) VALUES (180, 288, 66);
INSERT INTO option_per_vote (`id`, `vote_id`, `question_option_id`) VALUES (181, 200, 79);
INSERT INTO option_per_vote (`id`, `vote_id`, `question_option_id`) VALUES (182, 173, 52);
INSERT INTO option_per_vote (`id`, `vote_id`, `question_option_id`) VALUES (183, 184, 40);
INSERT INTO option_per_vote (`id`, `vote_id`, `question_option_id`) VALUES (184, 266, 84);
INSERT INTO option_per_vote (`id`, `vote_id`, `question_option_id`) VALUES (185, 31, 77);
INSERT INTO option_per_vote (`id`, `vote_id`, `question_option_id`) VALUES (186, 37, 7);
INSERT INTO option_per_vote (`id`, `vote_id`, `question_option_id`) VALUES (187, 112, 67);
INSERT INTO option_per_vote (`id`, `vote_id`, `question_option_id`) VALUES (188, 140, 86);
INSERT INTO option_per_vote (`id`, `vote_id`, `question_option_id`) VALUES (189, 81, 27);
INSERT INTO option_per_vote (`id`, `vote_id`, `question_option_id`) VALUES (190, 188, 84);
INSERT INTO option_per_vote (`id`, `vote_id`, `question_option_id`) VALUES (191, 299, 27);
INSERT INTO option_per_vote (`id`, `vote_id`, `question_option_id`) VALUES (192, 170, 26);
INSERT INTO option_per_vote (`id`, `vote_id`, `question_option_id`) VALUES (193, 230, 80);
INSERT INTO option_per_vote (`id`, `vote_id`, `question_option_id`) VALUES (194, 205, 21);
INSERT INTO option_per_vote (`id`, `vote_id`, `question_option_id`) VALUES (195, 280, 96);
INSERT INTO option_per_vote (`id`, `vote_id`, `question_option_id`) VALUES (196, 28, 68);
INSERT INTO option_per_vote (`id`, `vote_id`, `question_option_id`) VALUES (197, 158, 96);
INSERT INTO option_per_vote (`id`, `vote_id`, `question_option_id`) VALUES (198, 284, 48);
INSERT INTO option_per_vote (`id`, `vote_id`, `question_option_id`) VALUES (199, 281, 99);
INSERT INTO option_per_vote (`id`, `vote_id`, `question_option_id`) VALUES (200, 191, 49);
INSERT INTO option_per_vote (`id`, `vote_id`, `question_option_id`) VALUES (201, 116, 55);
INSERT INTO option_per_vote (`id`, `vote_id`, `question_option_id`) VALUES (202, 125, 50);
INSERT INTO option_per_vote (`id`, `vote_id`, `question_option_id`) VALUES (203, 212, 5);
INSERT INTO option_per_vote (`id`, `vote_id`, `question_option_id`) VALUES (204, 112, 69);
INSERT INTO option_per_vote (`id`, `vote_id`, `question_option_id`) VALUES (205, 50, 98);
INSERT INTO option_per_vote (`id`, `vote_id`, `question_option_id`) VALUES (206, 136, 48);
INSERT INTO option_per_vote (`id`, `vote_id`, `question_option_id`) VALUES (207, 73, 98);
INSERT INTO option_per_vote (`id`, `vote_id`, `question_option_id`) VALUES (208, 93, 53);
INSERT INTO option_per_vote (`id`, `vote_id`, `question_option_id`) VALUES (209, 72, 6);
INSERT INTO option_per_vote (`id`, `vote_id`, `question_option_id`) VALUES (210, 99, 80);
INSERT INTO option_per_vote (`id`, `vote_id`, `question_option_id`) VALUES (211, 186, 25);
INSERT INTO option_per_vote (`id`, `vote_id`, `question_option_id`) VALUES (212, 214, 15);
INSERT INTO option_per_vote (`id`, `vote_id`, `question_option_id`) VALUES (213, 43, 50);
INSERT INTO option_per_vote (`id`, `vote_id`, `question_option_id`) VALUES (214, 110, 51);
INSERT INTO option_per_vote (`id`, `vote_id`, `question_option_id`) VALUES (215, 182, 6);
INSERT INTO option_per_vote (`id`, `vote_id`, `question_option_id`) VALUES (216, 49, 6);
INSERT INTO option_per_vote (`id`, `vote_id`, `question_option_id`) VALUES (217, 258, 73);
INSERT INTO option_per_vote (`id`, `vote_id`, `question_option_id`) VALUES (218, 231, 9);
INSERT INTO option_per_vote (`id`, `vote_id`, `question_option_id`) VALUES (219, 177, 48);
INSERT INTO option_per_vote (`id`, `vote_id`, `question_option_id`) VALUES (220, 162, 66);
INSERT INTO option_per_vote (`id`, `vote_id`, `question_option_id`) VALUES (221, 56, 20);
INSERT INTO option_per_vote (`id`, `vote_id`, `question_option_id`) VALUES (222, 275, 72);
INSERT INTO option_per_vote (`id`, `vote_id`, `question_option_id`) VALUES (223, 19, 58);
INSERT INTO option_per_vote (`id`, `vote_id`, `question_option_id`) VALUES (224, 142, 40);
INSERT INTO option_per_vote (`id`, `vote_id`, `question_option_id`) VALUES (225, 89, 46);
INSERT INTO option_per_vote (`id`, `vote_id`, `question_option_id`) VALUES (226, 142, 24);
INSERT INTO option_per_vote (`id`, `vote_id`, `question_option_id`) VALUES (227, 77, 15);
INSERT INTO option_per_vote (`id`, `vote_id`, `question_option_id`) VALUES (228, 22, 87);
INSERT INTO option_per_vote (`id`, `vote_id`, `question_option_id`) VALUES (229, 286, 82);
INSERT INTO option_per_vote (`id`, `vote_id`, `question_option_id`) VALUES (230, 154, 9);
INSERT INTO option_per_vote (`id`, `vote_id`, `question_option_id`) VALUES (231, 158, 59);
INSERT INTO option_per_vote (`id`, `vote_id`, `question_option_id`) VALUES (232, 180, 28);
INSERT INTO option_per_vote (`id`, `vote_id`, `question_option_id`) VALUES (233, 119, 43);
INSERT INTO option_per_vote (`id`, `vote_id`, `question_option_id`) VALUES (234, 296, 53);
INSERT INTO option_per_vote (`id`, `vote_id`, `question_option_id`) VALUES (235, 147, 41);
INSERT INTO option_per_vote (`id`, `vote_id`, `question_option_id`) VALUES (236, 238, 59);
INSERT INTO option_per_vote (`id`, `vote_id`, `question_option_id`) VALUES (237, 190, 38);
INSERT INTO option_per_vote (`id`, `vote_id`, `question_option_id`) VALUES (238, 27, 13);
INSERT INTO option_per_vote (`id`, `vote_id`, `question_option_id`) VALUES (239, 278, 17);
INSERT INTO option_per_vote (`id`, `vote_id`, `question_option_id`) VALUES (240, 24, 58);
INSERT INTO option_per_vote (`id`, `vote_id`, `question_option_id`) VALUES (241, 135, 41);
INSERT INTO option_per_vote (`id`, `vote_id`, `question_option_id`) VALUES (242, 65, 38);
INSERT INTO option_per_vote (`id`, `vote_id`, `question_option_id`) VALUES (243, 227, 40);
INSERT INTO option_per_vote (`id`, `vote_id`, `question_option_id`) VALUES (244, 29, 29);
INSERT INTO option_per_vote (`id`, `vote_id`, `question_option_id`) VALUES (245, 250, 86);
INSERT INTO option_per_vote (`id`, `vote_id`, `question_option_id`) VALUES (246, 74, 23);
INSERT INTO option_per_vote (`id`, `vote_id`, `question_option_id`) VALUES (247, 97, 79);
INSERT INTO option_per_vote (`id`, `vote_id`, `question_option_id`) VALUES (248, 226, 13);
INSERT INTO option_per_vote (`id`, `vote_id`, `question_option_id`) VALUES (249, 67, 45);
INSERT INTO option_per_vote (`id`, `vote_id`, `question_option_id`) VALUES (250, 244, 66);
INSERT INTO option_per_vote (`id`, `vote_id`, `question_option_id`) VALUES (251, 99, 12);
INSERT INTO option_per_vote (`id`, `vote_id`, `question_option_id`) VALUES (252, 142, 83);
INSERT INTO option_per_vote (`id`, `vote_id`, `question_option_id`) VALUES (253, 76, 17);
INSERT INTO option_per_vote (`id`, `vote_id`, `question_option_id`) VALUES (254, 227, 78);
INSERT INTO option_per_vote (`id`, `vote_id`, `question_option_id`) VALUES (255, 73, 39);
INSERT INTO option_per_vote (`id`, `vote_id`, `question_option_id`) VALUES (256, 157, 73);
INSERT INTO option_per_vote (`id`, `vote_id`, `question_option_id`) VALUES (257, 124, 29);
INSERT INTO option_per_vote (`id`, `vote_id`, `question_option_id`) VALUES (258, 122, 80);
INSERT INTO option_per_vote (`id`, `vote_id`, `question_option_id`) VALUES (259, 7, 36);
INSERT INTO option_per_vote (`id`, `vote_id`, `question_option_id`) VALUES (260, 253, 91);
INSERT INTO option_per_vote (`id`, `vote_id`, `question_option_id`) VALUES (261, 28, 51);
INSERT INTO option_per_vote (`id`, `vote_id`, `question_option_id`) VALUES (262, 61, 25);
INSERT INTO option_per_vote (`id`, `vote_id`, `question_option_id`) VALUES (263, 294, 94);
INSERT INTO option_per_vote (`id`, `vote_id`, `question_option_id`) VALUES (264, 49, 58);
INSERT INTO option_per_vote (`id`, `vote_id`, `question_option_id`) VALUES (265, 245, 94);
INSERT INTO option_per_vote (`id`, `vote_id`, `question_option_id`) VALUES (266, 300, 26);
INSERT INTO option_per_vote (`id`, `vote_id`, `question_option_id`) VALUES (267, 169, 25);
INSERT INTO option_per_vote (`id`, `vote_id`, `question_option_id`) VALUES (268, 42, 81);
INSERT INTO option_per_vote (`id`, `vote_id`, `question_option_id`) VALUES (269, 24, 93);
INSERT INTO option_per_vote (`id`, `vote_id`, `question_option_id`) VALUES (270, 53, 92);
INSERT INTO option_per_vote (`id`, `vote_id`, `question_option_id`) VALUES (271, 226, 38);
INSERT INTO option_per_vote (`id`, `vote_id`, `question_option_id`) VALUES (272, 290, 48);
INSERT INTO option_per_vote (`id`, `vote_id`, `question_option_id`) VALUES (273, 135, 21);
INSERT INTO option_per_vote (`id`, `vote_id`, `question_option_id`) VALUES (274, 91, 36);
INSERT INTO option_per_vote (`id`, `vote_id`, `question_option_id`) VALUES (275, 250, 61);
INSERT INTO option_per_vote (`id`, `vote_id`, `question_option_id`) VALUES (276, 97, 24);
INSERT INTO option_per_vote (`id`, `vote_id`, `question_option_id`) VALUES (277, 59, 9);
INSERT INTO option_per_vote (`id`, `vote_id`, `question_option_id`) VALUES (278, 109, 88);
INSERT INTO option_per_vote (`id`, `vote_id`, `question_option_id`) VALUES (279, 183, 22);
INSERT INTO option_per_vote (`id`, `vote_id`, `question_option_id`) VALUES (280, 137, 19);
INSERT INTO option_per_vote (`id`, `vote_id`, `question_option_id`) VALUES (281, 183, 82);
INSERT INTO option_per_vote (`id`, `vote_id`, `question_option_id`) VALUES (282, 176, 15);
INSERT INTO option_per_vote (`id`, `vote_id`, `question_option_id`) VALUES (283, 289, 3);
INSERT INTO option_per_vote (`id`, `vote_id`, `question_option_id`) VALUES (284, 32, 53);
INSERT INTO option_per_vote (`id`, `vote_id`, `question_option_id`) VALUES (285, 212, 95);
INSERT INTO option_per_vote (`id`, `vote_id`, `question_option_id`) VALUES (286, 110, 82);
INSERT INTO option_per_vote (`id`, `vote_id`, `question_option_id`) VALUES (287, 299, 16);
INSERT INTO option_per_vote (`id`, `vote_id`, `question_option_id`) VALUES (288, 194, 77);
INSERT INTO option_per_vote (`id`, `vote_id`, `question_option_id`) VALUES (289, 198, 97);
INSERT INTO option_per_vote (`id`, `vote_id`, `question_option_id`) VALUES (290, 270, 74);
INSERT INTO option_per_vote (`id`, `vote_id`, `question_option_id`) VALUES (291, 26, 92);
INSERT INTO option_per_vote (`id`, `vote_id`, `question_option_id`) VALUES (292, 120, 40);
INSERT INTO option_per_vote (`id`, `vote_id`, `question_option_id`) VALUES (293, 260, 45);
INSERT INTO option_per_vote (`id`, `vote_id`, `question_option_id`) VALUES (294, 163, 74);
INSERT INTO option_per_vote (`id`, `vote_id`, `question_option_id`) VALUES (295, 115, 44);
INSERT INTO option_per_vote (`id`, `vote_id`, `question_option_id`) VALUES (296, 275, 94);
INSERT INTO option_per_vote (`id`, `vote_id`, `question_option_id`) VALUES (297, 162, 2);
INSERT INTO option_per_vote (`id`, `vote_id`, `question_option_id`) VALUES (298, 61, 84);
INSERT INTO option_per_vote (`id`, `vote_id`, `question_option_id`) VALUES (299, 92, 43);
INSERT INTO option_per_vote (`id`, `vote_id`, `question_option_id`) VALUES (300, 163, 53);
INSERT INTO option_per_vote (`id`, `vote_id`, `question_option_id`) VALUES (301, 199, 24);
INSERT INTO option_per_vote (`id`, `vote_id`, `question_option_id`) VALUES (302, 150, 73);
INSERT INTO option_per_vote (`id`, `vote_id`, `question_option_id`) VALUES (303, 68, 80);
INSERT INTO option_per_vote (`id`, `vote_id`, `question_option_id`) VALUES (304, 36, 93);
INSERT INTO option_per_vote (`id`, `vote_id`, `question_option_id`) VALUES (305, 28, 44);
INSERT INTO option_per_vote (`id`, `vote_id`, `question_option_id`) VALUES (306, 130, 27);
INSERT INTO option_per_vote (`id`, `vote_id`, `question_option_id`) VALUES (307, 109, 32);
INSERT INTO option_per_vote (`id`, `vote_id`, `question_option_id`) VALUES (308, 151, 78);
INSERT INTO option_per_vote (`id`, `vote_id`, `question_option_id`) VALUES (309, 177, 63);
INSERT INTO option_per_vote (`id`, `vote_id`, `question_option_id`) VALUES (310, 222, 53);
INSERT INTO option_per_vote (`id`, `vote_id`, `question_option_id`) VALUES (311, 36, 33);
INSERT INTO option_per_vote (`id`, `vote_id`, `question_option_id`) VALUES (312, 4, 29);
INSERT INTO option_per_vote (`id`, `vote_id`, `question_option_id`) VALUES (313, 57, 88);
INSERT INTO option_per_vote (`id`, `vote_id`, `question_option_id`) VALUES (314, 59, 2);
INSERT INTO option_per_vote (`id`, `vote_id`, `question_option_id`) VALUES (315, 177, 89);
INSERT INTO option_per_vote (`id`, `vote_id`, `question_option_id`) VALUES (316, 165, 95);
INSERT INTO option_per_vote (`id`, `vote_id`, `question_option_id`) VALUES (317, 227, 20);
INSERT INTO option_per_vote (`id`, `vote_id`, `question_option_id`) VALUES (318, 292, 83);
INSERT INTO option_per_vote (`id`, `vote_id`, `question_option_id`) VALUES (319, 57, 51);
INSERT INTO option_per_vote (`id`, `vote_id`, `question_option_id`) VALUES (320, 270, 95);
INSERT INTO option_per_vote (`id`, `vote_id`, `question_option_id`) VALUES (321, 47, 43);
INSERT INTO option_per_vote (`id`, `vote_id`, `question_option_id`) VALUES (322, 146, 9);
INSERT INTO option_per_vote (`id`, `vote_id`, `question_option_id`) VALUES (323, 45, 69);
INSERT INTO option_per_vote (`id`, `vote_id`, `question_option_id`) VALUES (324, 254, 32);
INSERT INTO option_per_vote (`id`, `vote_id`, `question_option_id`) VALUES (325, 23, 86);
INSERT INTO option_per_vote (`id`, `vote_id`, `question_option_id`) VALUES (326, 239, 15);
INSERT INTO option_per_vote (`id`, `vote_id`, `question_option_id`) VALUES (327, 85, 91);
INSERT INTO option_per_vote (`id`, `vote_id`, `question_option_id`) VALUES (328, 265, 70);
INSERT INTO option_per_vote (`id`, `vote_id`, `question_option_id`) VALUES (329, 36, 48);
INSERT INTO option_per_vote (`id`, `vote_id`, `question_option_id`) VALUES (330, 5, 13);
INSERT INTO option_per_vote (`id`, `vote_id`, `question_option_id`) VALUES (331, 273, 12);
INSERT INTO option_per_vote (`id`, `vote_id`, `question_option_id`) VALUES (332, 15, 38);
INSERT INTO option_per_vote (`id`, `vote_id`, `question_option_id`) VALUES (333, 182, 53);
INSERT INTO option_per_vote (`id`, `vote_id`, `question_option_id`) VALUES (334, 215, 55);
INSERT INTO option_per_vote (`id`, `vote_id`, `question_option_id`) VALUES (335, 52, 42);
INSERT INTO option_per_vote (`id`, `vote_id`, `question_option_id`) VALUES (336, 52, 23);
INSERT INTO option_per_vote (`id`, `vote_id`, `question_option_id`) VALUES (337, 8, 96);
INSERT INTO option_per_vote (`id`, `vote_id`, `question_option_id`) VALUES (338, 277, 30);
INSERT INTO option_per_vote (`id`, `vote_id`, `question_option_id`) VALUES (339, 192, 39);
INSERT INTO option_per_vote (`id`, `vote_id`, `question_option_id`) VALUES (340, 4, 73);
INSERT INTO option_per_vote (`id`, `vote_id`, `question_option_id`) VALUES (341, 133, 91);
INSERT INTO option_per_vote (`id`, `vote_id`, `question_option_id`) VALUES (342, 260, 38);
INSERT INTO option_per_vote (`id`, `vote_id`, `question_option_id`) VALUES (343, 224, 71);
INSERT INTO option_per_vote (`id`, `vote_id`, `question_option_id`) VALUES (344, 59, 93);
INSERT INTO option_per_vote (`id`, `vote_id`, `question_option_id`) VALUES (345, 269, 92);
INSERT INTO option_per_vote (`id`, `vote_id`, `question_option_id`) VALUES (346, 204, 91);
INSERT INTO option_per_vote (`id`, `vote_id`, `question_option_id`) VALUES (347, 259, 50);
INSERT INTO option_per_vote (`id`, `vote_id`, `question_option_id`) VALUES (348, 166, 2);
INSERT INTO option_per_vote (`id`, `vote_id`, `question_option_id`) VALUES (349, 230, 7);
INSERT INTO option_per_vote (`id`, `vote_id`, `question_option_id`) VALUES (350, 124, 56);
INSERT INTO option_per_vote (`id`, `vote_id`, `question_option_id`) VALUES (351, 279, 41);
INSERT INTO option_per_vote (`id`, `vote_id`, `question_option_id`) VALUES (352, 110, 83);
INSERT INTO option_per_vote (`id`, `vote_id`, `question_option_id`) VALUES (353, 57, 40);
INSERT INTO option_per_vote (`id`, `vote_id`, `question_option_id`) VALUES (354, 60, 67);
INSERT INTO option_per_vote (`id`, `vote_id`, `question_option_id`) VALUES (355, 34, 88);
INSERT INTO option_per_vote (`id`, `vote_id`, `question_option_id`) VALUES (356, 158, 41);
INSERT INTO option_per_vote (`id`, `vote_id`, `question_option_id`) VALUES (357, 36, 14);
INSERT INTO option_per_vote (`id`, `vote_id`, `question_option_id`) VALUES (358, 78, 81);
INSERT INTO option_per_vote (`id`, `vote_id`, `question_option_id`) VALUES (359, 71, 84);
INSERT INTO option_per_vote (`id`, `vote_id`, `question_option_id`) VALUES (360, 242, 51);
INSERT INTO option_per_vote (`id`, `vote_id`, `question_option_id`) VALUES (361, 242, 74);
INSERT INTO option_per_vote (`id`, `vote_id`, `question_option_id`) VALUES (362, 3, 29);
INSERT INTO option_per_vote (`id`, `vote_id`, `question_option_id`) VALUES (363, 81, 17);
INSERT INTO option_per_vote (`id`, `vote_id`, `question_option_id`) VALUES (364, 72, 98);
INSERT INTO option_per_vote (`id`, `vote_id`, `question_option_id`) VALUES (365, 267, 22);
INSERT INTO option_per_vote (`id`, `vote_id`, `question_option_id`) VALUES (366, 4, 99);
INSERT INTO option_per_vote (`id`, `vote_id`, `question_option_id`) VALUES (367, 51, 47);
INSERT INTO option_per_vote (`id`, `vote_id`, `question_option_id`) VALUES (368, 268, 54);
INSERT INTO option_per_vote (`id`, `vote_id`, `question_option_id`) VALUES (369, 208, 80);
INSERT INTO option_per_vote (`id`, `vote_id`, `question_option_id`) VALUES (370, 57, 8);
INSERT INTO option_per_vote (`id`, `vote_id`, `question_option_id`) VALUES (371, 115, 50);
INSERT INTO option_per_vote (`id`, `vote_id`, `question_option_id`) VALUES (372, 104, 85);
INSERT INTO option_per_vote (`id`, `vote_id`, `question_option_id`) VALUES (373, 62, 73);
INSERT INTO option_per_vote (`id`, `vote_id`, `question_option_id`) VALUES (374, 114, 23);
INSERT INTO option_per_vote (`id`, `vote_id`, `question_option_id`) VALUES (375, 47, 58);
INSERT INTO option_per_vote (`id`, `vote_id`, `question_option_id`) VALUES (376, 137, 53);
INSERT INTO option_per_vote (`id`, `vote_id`, `question_option_id`) VALUES (377, 227, 70);
INSERT INTO option_per_vote (`id`, `vote_id`, `question_option_id`) VALUES (378, 213, 100);
INSERT INTO option_per_vote (`id`, `vote_id`, `question_option_id`) VALUES (379, 35, 24);
INSERT INTO option_per_vote (`id`, `vote_id`, `question_option_id`) VALUES (380, 25, 83);
INSERT INTO option_per_vote (`id`, `vote_id`, `question_option_id`) VALUES (381, 159, 34);
INSERT INTO option_per_vote (`id`, `vote_id`, `question_option_id`) VALUES (382, 274, 33);
INSERT INTO option_per_vote (`id`, `vote_id`, `question_option_id`) VALUES (383, 134, 89);
INSERT INTO option_per_vote (`id`, `vote_id`, `question_option_id`) VALUES (384, 15, 27);
INSERT INTO option_per_vote (`id`, `vote_id`, `question_option_id`) VALUES (385, 288, 90);
INSERT INTO option_per_vote (`id`, `vote_id`, `question_option_id`) VALUES (386, 4, 40);
INSERT INTO option_per_vote (`id`, `vote_id`, `question_option_id`) VALUES (387, 5, 19);
INSERT INTO option_per_vote (`id`, `vote_id`, `question_option_id`) VALUES (388, 260, 30);
INSERT INTO option_per_vote (`id`, `vote_id`, `question_option_id`) VALUES (389, 43, 40);
INSERT INTO option_per_vote (`id`, `vote_id`, `question_option_id`) VALUES (390, 166, 95);
INSERT INTO option_per_vote (`id`, `vote_id`, `question_option_id`) VALUES (391, 170, 49);
INSERT INTO option_per_vote (`id`, `vote_id`, `question_option_id`) VALUES (392, 98, 40);
INSERT INTO option_per_vote (`id`, `vote_id`, `question_option_id`) VALUES (393, 166, 98);
INSERT INTO option_per_vote (`id`, `vote_id`, `question_option_id`) VALUES (394, 100, 57);
INSERT INTO option_per_vote (`id`, `vote_id`, `question_option_id`) VALUES (395, 3, 23);
INSERT INTO option_per_vote (`id`, `vote_id`, `question_option_id`) VALUES (396, 207, 2);
INSERT INTO option_per_vote (`id`, `vote_id`, `question_option_id`) VALUES (397, 132, 86);
INSERT INTO option_per_vote (`id`, `vote_id`, `question_option_id`) VALUES (398, 67, 5);
INSERT INTO option_per_vote (`id`, `vote_id`, `question_option_id`) VALUES (399, 123, 95);
INSERT INTO option_per_vote (`id`, `vote_id`, `question_option_id`) VALUES (400, 50, 47);